title|image|rating|number of reviews
Wonderchef Nutri-blend Activ Mixer Grinder Blender, Smoothie Maker, 500W 22000 RPM 100% Full Copper Motor, 2 Unbreakable Jars, SS Blades, 2 Year Warranty, Recipe book by Chef Sanjeev Kapoor, Red|https://m.media-amazon.com/images/I/61zFXDCozGL._AC_UY218_.jpg|3.7|626
Kuvings Nutri Blender PRO Ferrari Red, Powerful 1000 Watts Motor, Longest Warranty 7 Years, Mixer/Grinder/Smoothie Maker, Blender for Smoothies and Juices, Stainless Steel Body, 2 Blade Set: Wet & Dry|https://m.media-amazon.com/images/I/71gVbRgU8NL._AC_UY218_.jpg|4.5|1,106
nutripro Copper Juicer Mixer Grinder - Smoothie Maker - 500 Watts (3 Jars, Silver) - 2 Year Warranty|https://m.media-amazon.com/images/I/7152-mn8mKL._AC_UY218_.jpg|4.2|14,712
Cookwell Bullet Mixer Grinder (5 Jars, 3 Blades, Silver) - Copper, 600 Watts - 2 Year Warranty|https://m.media-amazon.com/images/I/81yobRRV8nL._AC_UY218_.jpg|4.2|18,727
"Pigeon By Stovekraft Nutri Mixer | Grinder Juicer Blender Smoothie Maker All-in-1 Machine | 400 Watt | 2 Jars - Multiuse Jar 500ml, Dry Grind 300ml |1 Blade |1Year Warranty"|https://m.media-amazon.com/images/I/61hzQ65ZUbL._AC_UY218_.jpg|3.1|379
BlendLife Elite Portable Blender For Juices, Shakes, Reverse Blend Feature, 6000mAh Battery, Waterproof, LED Lights, Dual Modes, 700ml Convertible Jar With Sipper & Strainer, Black (1-Year Warranty)|https://m.media-amazon.com/images/I/716Hcxia3SL._AC_UL320_.jpg|4.9|103
"Wonderchef Nutri-blend Storm 1200W | 100% Copper Motor | Sharp 6-wing Stainless Steel Blade | Masalas, Chutney, Nuts, Crush Ice | 2 Jars | 22000 RPM | Sipper Attachment | 2 Year Warranty"|https://m.media-amazon.com/images/I/51gkMtXF1UL._AC_UL320_.jpg|4.1|605
BlendLife Plus Portable Blender for Juices, Shakes, Smoothies, Baby Food, Crushes Hard Ingredients, 230W Motor, 4000mah USB Rechargeable Battery, Stainless Steel Blades, 500ml - Black|https://m.media-amazon.com/images/I/41Gm5TSq-TL._AC_UL320_.jpg|4.0|670
"Goodscity Blender For Smoothie And Juices | Portable Hand Blender For Kitchen | Usb Rechargeable Fruit Juicer | 6 Sharp Ss Blade | 400 Ml Food Grade Jar | Long Battery Life | 1 Yr Warranty–GC141"|https://m.media-amazon.com/images/I/91oB+QJ0FEL._AC_UL320_.jpg|4.5|1,268
BlendLife Ultra Waterproof Portable Blender For Juices, Shakes, Smoothies. Pulse Mode Feature, LED Lights, 230W, 4000mah Battery. Sipper & Carry Handle, Convertible Jar 600ml - White (1-Year Warranty)|https://m.media-amazon.com/images/I/91dopdPb2uL._AC_UL320_.jpg|4.1|1,227
Etekcity Portable 6-Blade Electric Juicer Portable Blender, USB Rechargeable Mini Juicer Blender, Electric Blender Mixer, Personal Size, 6 Blade, Ideal for Juices, Shakes and Smoothies,|https://m.media-amazon.com/images/I/61RmfEyJi9L._AC_UY218_.jpg|4.7|16,348
SUPERSTUD Portable USB Juicer Blender for Juices and Smoothie, Milk Shakes, 380ML, built-in Jar (Rich Grey)|https://m.media-amazon.com/images/I/61AcxigXJvL._AC_UY218_.jpg|4.8|69
Orpat HHB-100E WOB 250-Watt Hand Blender (White)|https://m.media-amazon.com/images/I/31k3k6GUQXL._AC_UY218_.jpg|4.2|22,794
"Amazon Basics Portable Blender | 150-Watt Motor, 2000 mAh USB Rechargeable Battery | BPA-Free Lid, ABS Plastic Body | Easy to Clean 380 ml Jar (Black)"|https://m.media-amazon.com/images/I/61x2PhljusL._AC_UY218_.jpg|4.4|680
"PHILIPS HL1655/00 Hand Blender | Powerful 250W Motor | with Rust free steel arm | Easy single trigger operation | Specially designed blades | Wall bracket for easy storage, 2year warranty Blue & White"|https://m.media-amazon.com/images/I/61eI4on7DhL._AC_UY218_.jpg|4.2|16,044
Wonderchef Nutri-blend Mixer Grinder Blender, Smoothie Maker, 3 Unbreakable Jars (Blending, Grinding, and Sipper Jar), 500W 22000 RPM 100% Full Copper Motor, SS Blades, 2 Year Warranty, Black|https://m.media-amazon.com/images/I/61sLRQ4RvbL._AC_UY218_.jpg|3.9|31,226
AGARO Imperial Professional Blender, Low Noise, 2200W Powerful Copper Motor, 2.5L Capacity, 6 Pre-set With Pulse, Adjustable Speed & Timer, Stainless Blades, Blending, Shakes, Smoothies|https://m.media-amazon.com/images/I/81S+kvPOeTL._AC_UY218_.jpg|4.0|11
"KENT 16051 Hand Blender 300 W | 5 Variable Speed Control | Multiple Beaters & Dough Hooks | Turbo Function, Plastic, 300 Watts"|https://m.media-amazon.com/images/I/71535ejOAWS._AC_UY218_.jpg|4.1|18,117
"Qlect Portable Blender For Smoothie And Juices : Powerful 45 Watts Juicer Blender that Can Crush Ice too | Juicer Machine With 1800 Mah Rechargeable Battery-Smoothie Blender With Built In 500 ML Jar"|https://m.media-amazon.com/images/I/518ap35PJTL._AC_UY218_.jpg|5.0|22
"Wonderchef Nutri-blend Mixer, Grinder & Blender|Powerful 500W 22000 RPM 100% Full Copper Motor|Stainless steel Blades|2 unbreakable jars|2 Years warranty | Recipe book by Chef Sanjeev Kapoor | Black"|https://m.media-amazon.com/images/I/61626Ya4tJL._AC_UY218_.jpg|3.9|31,226
"Maharaja Whiteline Speedmix Plus Hand Blender with Stainless Steel Blades | Long Lasting Performance with 175W Motor | Detachable Plastic Foot | 2 Year warranty (Turquoise Blue & White)"|https://m.media-amazon.com/images/I/31Bi+2Ul7QL._AC_UY218_.jpg|3.9|843
BLENLABS Portable Blender for Smoothie and Juices, Milk Shakes and Crushing Ice, 4000mAh Rechargeable Small Juicer for Fruits, 150 Watt Motor, 500 ML personal blender for smoothies (Black)|https://m.media-amazon.com/images/I/61j+0Znbw5L._AC_UY218_.jpg|4.8|51
Havells Duro Blend Low Noise 300 watt Hand Blender With Double Wall Stem, Double Bush, Copper Motor,304 SS Blade & 2 Years Warranty|https://m.media-amazon.com/images/I/51WQhDogm7L._AC_UY218_.jpg|3.9|543
InstaCuppa Portable Blender for Smoothie, Milk Shakes, Crushing Ice and Juice, USB Rechargeable Battery with 4000 mAh 230 Watts Motor, 500 ML, built-in Jar, Black (Stainless Steel Blades)|https://m.media-amazon.com/images/I/51Rsjx5byPL._AC_UY218_.jpg|4.3|4,956
"Kent SS Hand Blender 450W | Variable Speed Control | Turbo Switch For Fast Blending | Detachable Shaft For Easy Cleaning | Hot & Cold Blending | Low Noise Dc Motor - Stainless Steel, 450 Watts, Silver"|https://m.media-amazon.com/images/I/41S-3dtKFTL._AC_UY218_.jpg|4.0|8,932
BlendLife Pro Portable Blender With Sipper for Juices, Shakes, Smoothies, Baby Food, Crushes Hard Ingredients, 210W Motor, 4000mah USB Rechargeable Battery, 400ml, 1-Year Warranty - Navy Blue|https://m.media-amazon.com/images/I/81l+FOT-XOL._AC_UY218_.jpg|3.9|1,337
"Philips HR2603/90 Electric Nutri-Blend, Mixer, Grinder & Blender | Smoothie Maker | 350W Power | 3-Jar Capacity | With Variable Speed Control | Perfect for Smoothies, Mixing & More"|https://m.media-amazon.com/images/I/71XNG3WK6UL._AC_UY218_.jpg|4.3|21
Hafele Chromatic Hand Blender, 9 Variable Speed Control Functions, Rapid Turbo Mode Technology, Stainless Steel, Low Noise,100% Copper Motor, 600W|https://m.media-amazon.com/images/I/51p6oCrlw7L._AC_UL320_.jpg|4.0|17
"Libra 1200 Watts Electric Hand Blender for kitchen | Multipurpose Hand Blender with Milk Frother, Chopper, Whisker & Multipurpose Jar | Variable Speed and Turbo Function | 1 Year warranty"|https://m.media-amazon.com/images/I/6125JspgkCL._AC_UL320_.jpg|4.2|79
"Faber Sportz Blender FSB 3-in-1 Nutrifit Nero|Mixer Grinder Blender|400W|100% Copper Motor|Detachable SS Blade|3 PC Jar 500ML+300ML+500ML Mug|Wet, Dry Grinding|Nutri Blender|2 Year Warranty by Faber"|https://m.media-amazon.com/images/I/51baD54bjXL._AC_UY218_.jpg|3.9|33
BlendLife Ultra Waterproof Portable Blender For Juices, Shakes, Smoothies. Pulse Mode Feature, LED Lights, 230W, 4000mah Battery, Inbuilt Sipper & Carry Handle, Convertible Jar 600ml - Black|https://m.media-amazon.com/images/I/71Cslh-5D4L._AC_UY218_.jpg|4.1|1,227
GoMaihe Portable Blender, USB Mini Juicer Blender, Electric Juicer Bottle Blender Grinder Mixer, Personal Size Blender for Juices, Shakes and Smoothies, Fruit Juicer Machine|https://m.media-amazon.com/images/I/51aLzSgMTOL._AC_UY218_.jpg|4.4|3,527
Easymart 260 Watt Hand Blender Mixer Electric Egg Beater For Cake Making and Beater For Whipping Cream Beater For Mix Cream Beater For Kitchen With 7 Speed with spatula and oil brush|https://m.media-amazon.com/images/I/61siVKqYJgL._AC_UY218_.jpg|4.0|1,922
"InstaCuppa Portable Blender Bottle | Long Lasting 6000 mAh Battery with Fast Charging | LED Display for Battery Status & 40-Second Blend Timer | Sipper Lid & Detachable Bottom Cap | 230 Watts, 600 ML"|https://m.media-amazon.com/images/I/6121-EjhaSL._AC_UL320_.jpg|4.3|4,956
OWNAIR Portable Blender For Smoothie & Juices, Portable Juicer mixer grinder, baby food blender, Type C, 5000 mah battery, Smoothie maker blender, 450ml|https://m.media-amazon.com/images/I/71pdO5Q126L._AC_UL320_.jpg|4.7|218
"Goodscity Blender For Smoothie And Juices | Portable Hand Blender For Kitchen | Premium Usb Rechargeable Fruit Juicer Machine | 450Ml BPA FREE Food Grade Jar| Long Battery Life |1 Year Warranty -GC171"|https://m.media-amazon.com/images/I/61cZ0vKX6WL._AC_UL320_.jpg|4.5|1,268
BlendLife Max Portable Blender, Large 2000ml Gallon Capacity, 240W, 4000mAh Battery, USB-C Charging Port, Travel Sipper & Lid Included, Perfect for Juices, Shakes, Smoothies, 1-Year Warranty - Black|https://m.media-amazon.com/images/I/61FtvI3Ao9L._AC_UL320_.jpg|4.9|103
"Qlect Portable Blender For Smoothie And Juices : Powerful 45 Watts Juicer Blender | Juicer Machine With 1800 mAh Rechargeable Battery-Smoothie Blender With Built In 400 ML Jar(Assorted)"|https://m.media-amazon.com/images/I/51z7-fnsgQL._AC_UY218_.jpg|2.8|126
Philips HR3705/10 300 Watt Lightweight Hand Mixer, Blender with 5 speed control settings, stainless steel accessories and 2 years warranty(black color)|https://m.media-amazon.com/images/I/71rsVfDPlAL._AC_UY218_.jpg|4.4|22,072
"INALSA Electric Hand Blender with 500W Powerful DC Motor|Variable & Turbo Speed|Super Silent|Ultra Sharp SS Blade & Detachable Stem|2Yr Warranty|Blender for smoothie and juices,Whip,Chop-RobotInox500"|https://m.media-amazon.com/images/I/51qwPDDjVdL._AC_UY218_.jpg|4.2|3,041
"Philips HR1350/90 Hand blender | 250W | Detachable plastic bar | Powerful 1 Speed"|https://m.media-amazon.com/images/I/51mT465ek2L._AC_UY218_.jpg|3.9|3,331
Balzano 1100W Ultra-Speed Bullet Mixer Grinder (Italian Design & Engineering) Blender for Smoothie and Juices, Juicer Mixer Grinder, Blender for Kitchen, Surgical Grade Stainless Steel Blades|https://m.media-amazon.com/images/I/51BVYLbCjxL._AC_UY218_.jpg|4.4|214
"Wonderchef Nutri-blend BOLT Mixer, Grinder & Blender|Powerful 600 Watt 22000 RPM 100% Full Copper Motor|2 unbreakable jars with Sipper lid|2 Years warranty|Recipe book by Chef Sanjeev Kapoor|Red"|https://m.media-amazon.com/images/I/61UqCuQKw6L._AC_UY218_.jpg|3.7|1,134
amazon basics Hand Blender,Chopper And Whisker,Super-Silent Dc Motor,100% Copper Motor,Ergonomic,Multi-Function,Stainless-Steel Blade,Detachable Stem,Click-Fit Locking(Stainless Steel,300 Watts)|https://m.media-amazon.com/images/I/616DcPoyncL._AC_UY218_.jpg|3.6|160
CROMPTON AMEO BLEND– Nutri blender, Smoothie Maker, Mixer Grinder, 400 watts powerful motor, 2 Food grade jars, Sipper Cap, Storage lid, 2 years warranty, Black & Sea Green Color.|https://m.media-amazon.com/images/I/6145kzG31IL._AC_UY218_.jpg|3.2|12
Orpat HHB-100E 250-Watt Hand Blender (White)|https://m.media-amazon.com/images/I/41UlruddDSL._AC_UY218_.jpg|4.2|7,314
Borosil NutriFresh PB31 Portable Mini-Blender & Grinder, 500 ml Blending Jar, 300 ml Chutney Jar, For Blending Smoothies & Chutneys, Dry Grinding Spices, Black, 400 W|https://m.media-amazon.com/images/I/610DSEGLxcL._AC_UY218_.jpg|3.5|362
PHILIPS HL1600/00 Hand Blender, 650W (White)|https://m.media-amazon.com/images/I/4172Zn4GvbS._AC_UY218_.jpg|4.2|477
Captain Nutri Blender 500W - Copper (2 Jars & 2 Blades, Silver)|https://m.media-amazon.com/images/I/71Tuug22pHL._AC_UY218_.jpg|4.7|165
InstaCuppa Portable Blender for Smoothie and Juices, Milk Shakes, Crushing Ice, USB Rechargeable Blender Machine for Kitchen with 2000 mAh Battery, 150 W Motor, 400 ML, Built-in Jar, Black|https://m.media-amazon.com/images/I/614rlU1ESGL._AC_UY218_.jpg|4.1|4,200
"Home Plus ABS Plastic Alpha Nutri Blender For Smoothie And Juices | Mixer Grinder 400W Motor 20000 Rpm | Shake Maker, Juicer (Black And Teal), 400 Watt"|https://m.media-amazon.com/images/I/71sS76eMTdL._AC_UY218_.jpg|3.5|68
"Longway Reo 550 Watt Mixer Grinder with 4 Jars for Grinding, Mixing, Blending, Juicing with Powerful Motor | 1 Year Warranty | (Purple, 4 Jars)"|https://m.media-amazon.com/images/I/71s2Agn4rNL._AC_UY218_.jpg|3.8|335
Wonderchef Nutri Blend Snowflakes, 22000 RPM 100% Full Copper Motor, 2 Unbreakable Jars, Stainless Steel Blades, 500 W, 2 Years Warranty, Recipe book by Chef Sanjeev Kapoor, Blue|https://m.media-amazon.com/images/I/514LqCj1AeL._AC_UY218_.jpg|3.9|31,226
Hafele Chromatic Hand Blender, 9 Variable Speed Control Functions, Rapid Turbo Mode Technology, Stainless Steel, Low Noise,100% Copper Motor, 600W|https://m.media-amazon.com/images/I/51p6oCrlw7L._AC_UY218_.jpg|4.0|17
BlendLife Plus Portable Blender for Juices, Shakes, Smoothies, Baby Food, Crushes Hard Ingredients, 230W Motor, 4000mah USB Rechargeable Battery, Stainless Steel Blades, 500ml - Black|https://m.media-amazon.com/images/I/41Gm5TSq-TL._AC_UY218_.jpg|4.0|670
PIGEON UNO PERSONAL BLENDER - GREEN|https://m.media-amazon.com/images/I/61jsnjbKr0L._AC_UY218_.jpg|2.2|13
"Wonderchef Nutri-blend Juicer, Mixer, Grinder, Blender & Smoothie Maker | 22000 RPM, 500W |100% Full Copper Motor | 3 unbreakable jars | 2 Years warranty | Recipe book by Chef Sanjeev Kapoor | Black"|https://m.media-amazon.com/images/I/61VsIozUNLL._AC_UY218_.jpg|3.8|10,327
BOSS E111 Portable 125 Watt Hand Blender (Grey)|https://m.media-amazon.com/images/I/61k9Jmr2x9L._AC_UY218_.jpg|4.2|4,488
"Cello Supreme Hand Blender | Hand Mixer | Beater - Easy Mix, Powerful 400 Watt Motor | 6 Speed Control + Turbo | Dough Hooks and Strip Beater attachments | 2 Years Warranty | Red"|https://m.media-amazon.com/images/I/81hVHGt08+L._AC_UY218_.jpg|4.3|1,101
"BOSS Stainless Steel Big Boss Portable Hand Blender | Powerful 275 W Motor | 5 Years Warranty* First In India | Variable Speed Control | Isi-Marked, Wine, 275 Watts"|https://m.media-amazon.com/images/I/61Pxk+SGBhL._AC_UY218_.jpg|4.1|1,251
Prestige ACE Hand Blender 250 W (Black and White)|https://m.media-amazon.com/images/I/41B8vHovT5L._AC_UY218_.jpg|3.5|319
"GaxQuly Blender For Smoothie And Juices & Protein Shakes | 6 Blade Usb Rechargeable Fruit Juicer for Gym, Office, School, Outdoor, Picnic, Travel | built-in Jar | (Red)"|https://m.media-amazon.com/images/I/61PcP3pIjqL._AC_UY218_.jpg|4.9|58
"DigiSmart Kitchen Mate Powerful 600 Watt Mixer Grinder | 2 Jar | Comes With 2 Year Warranty (CHARCOAL GRAY)"|https://m.media-amazon.com/images/I/51fjlv8NA0L._AC_UY218_.jpg|3.7|566
"ACTIVA Easy Mix Nutri 4 Jar Mixer Grinder Powerful 500 Watt Motor | Long Lasting Shock Proof Abs Body | Heavy Duty Motor With Nano - Grinding Technology, Gray come with 2 year warranty"|https://m.media-amazon.com/images/I/51LK0K7d1kL._AC_UY218_.jpg|4.2|3,481
Philips HR3720/10 300 Watt Lightweight Hand Mixer, Blender with 5 speed control settings, stainless steel accessories and 2 years warranty with 2 Attachments (Non-slip Grip, Black)|https://m.media-amazon.com/images/I/310pwc6M9wL._AC_UY218_.jpg|5.0|4
"BOSS Stainless Steel B132 Portable Hand Blender 225W- Watt | Variable Speed Control | 3 Years Warranty | Easy To Clean And Store | Isi-Marked, Blue"|https://m.media-amazon.com/images/I/61lg4aL8pYL._AC_UY218_.jpg|4.0|70
KOIOS Portable Blender, USB Rechargeable Mini Juicer Blender, Electric Juicer Bottle Blender Grinder Mixer, Personal Size Blender for Juices, Shakes and Smoothies, Fruit Juicer Machine(multi)|https://m.media-amazon.com/images/I/610OHJQk4GL._AC_UY218_.jpg|4.1|7,488
Balzano Bullet Mixer Grinder 500W, 5 Years Motor Warranty, 3 Jars, 2 Blades, 2 Lids, Italian Premium Brand, Pulse Function, Blender for Smoothies and Juices/Smoothie Maker|https://m.media-amazon.com/images/I/61Er8iKUdtL._AC_UY218_.jpg|4.4|4,583
Orpat HBB-107E Hand Blender, 250W (Blue)|https://m.media-amazon.com/images/I/61iSeEzoS8L._AC_UY218_.jpg|4.0|810
Lifelong Mixer Grinder for Kitchen - 4 Jars 500 Watt Mixie - 2 Nutri bullet Jars for Smoothie & Blending, Chutney Jar & Liquidizing Jar used as Wet Grinder & Blender - Stainless Steel Blades (LLMG39)|https://m.media-amazon.com/images/I/614aB7YNyzL._AC_UY218_.jpg|3.8|55,641
Primesky® Milk Frother Hand Blender Coffee Frother Blender USB Rechargeable Electric Foam Maker Electric Coffee Beater for Cappuccino Whisker Electric Blender for Egg Hand Blender|https://m.media-amazon.com/images/I/51ts0OFIyNL._AC_UY218_.jpg|4.3|1,037
Amazon Basics 300 W Hand Blender with Stainless Steel Stem for Hot/Cold Blending and In-Built Cord Hook, ISI-Marked, Black|https://m.media-amazon.com/images/I/517er3i6s6L._AC_UY218_.jpg|3.9|1,526
Crompton DS 500W Mixer Grinder with Powertron Motor & Motor Vent-X Technology (3 Stainless Steel Jars, Sky Blue)|https://m.media-amazon.com/images/I/51uTlViPhPL._AC_UY218_.jpg|3.9|2,559
"DIGISMART Nutri Mixer Grinder With 2 Jar | 500 Watt | Long Lasting Shock Proof Abs Body | Heavy Duty Motor Multi Purpose Blade Come With 1 Years Warranty (Blue)"|https://m.media-amazon.com/images/I/710V35iYlyL._AC_UY218_.jpg|3.3|531
AGARO Grand Plus 6 in 1 Hand Blender 1000W, 100% Copper Motor, 2 Variable Speed Modes & Speed Regulator, Stainless Steel Blades, Chopper,Whisker,Multipurpose Jar, frother, slicer, shredder, Black|https://m.media-amazon.com/images/I/71+m99RAYqL._AC_UY218_.jpg|4.2|1,567
"Wonderchef Nutri-blend Mixer, Grinder & Blender | Powerful 500W 22000 RPM 100% Full Copper Motor |Stainless Steel Blades |2 Unbreakable Jars |2 Years Warranty |Recipe book by Chef Sanjeev Kapoor | Red"|https://m.media-amazon.com/images/I/616q-aC7KBL._AC_UY218_.jpg|3.9|31,226
"Goodscity Blender For Smoothie And Juices | Portable Hand Blender For Kitchen | Usb Rechargeable Fruit Juicer | 6 Sharp Ss Blade | 400 Ml Food Grade Jar | Long Battery Life | 1 Yr Warranty–GC141"|https://m.media-amazon.com/images/I/91oB+QJ0FEL._AC_UY218_.jpg|4.5|1,268
Amazon Basics 300 W Hand Blender with Detachable Stem and In-Built Cord Hook, ISI-Marked, Black|https://m.media-amazon.com/images/I/41fe4eDWuYL._AC_UY218_.jpg|3.8|655
Cookwell Nutri Blender (3 Jar 2 Blade, Black)|https://m.media-amazon.com/images/I/71e8Vzqq-VS._AC_UY218_.jpg|4.1|4,891
Elite Gourmet Portable USB Juicer Electric USB Juice Maker Mixer Bottle Blender Grinder Juice Blender Shake Fruit & Vegetable Grinder Juicer Mixer Grinder for Making Juice Maker - 380 ml|https://m.media-amazon.com/images/I/61IuDxhakPL._AC_UY218_.jpg|1.5|19
Boss E111 125W Hand Blender (Blue)|https://m.media-amazon.com/images/I/61Rj1PcUk4L._AC_UY218_.jpg|4.1|1,161
SHAYONAM Portable Blender, USB Rechargeable Mini Juicer Blender, Electric Juicer Bottle Blender Grinder Mixer, Personal Size Blender for Juices, Shakes and Smoothies, Fruit Juicer Machine/*-|https://m.media-amazon.com/images/I/61-DuqrI-HL._AC_UY218_.jpg|4.8|73
"Wonderchef Nutri-Cup Portable Blender | USB Charging | Smoothie Maker | SS Blades | Battery Operated Rechargeable Blender | 300ml | Compact Size | Blue in Built jar"|https://m.media-amazon.com/images/I/51lHP9jAX7L._AC_UY218_.jpg|2.9|618
GaxQuly Electric Juicer 6 Blade Rechargable Portable USB Bottle Blender Shaker Juicer A 2000 Juicer Mixer Grinder (Black)|https://m.media-amazon.com/images/I/51fNwosobYL._AC_UY218_.jpg|2.0|60
"DigiSmart Kitchen Mate Powerful 600 Watt Mixer Grinder (Gray and Black) | 2 Jar | Comes With 2 Year Warranty (BLACK & GRAY)"|https://m.media-amazon.com/images/I/51FatHdYl6L._AC_UY218_.jpg|3.7|566
AGARO Royal Professional Blender/Grinder/Mixer, 2000W, 5 Preset Function, Commercial heavy duty blender, High Power & Speed Blender, 9 Speed Settings, Pulse & Timer, 2L & 600ml Small Grinding Jar|https://m.media-amazon.com/images/I/71yOzSAvaLL._AC_UY218_.jpg|4.2|478
"ACTIVA Easy Mix Nutri 2 Jar Mixer Grinder Powerful 500 Watt Motor | Long Lasting Shock Proof Abs Body | Heavy Duty Motor With Nano - Grinding Technology, Black come with 2 year warranty"|https://m.media-amazon.com/images/I/61uE9aOtNzL._AC_UY218_.jpg|4.2|3,481
AGARO Grand 1000 Watts Hand Blender with 2 Variable Speed Modes & Speed Regulator, Stainless Steel Blades(Black), 400mmx60mm (33636)|https://m.media-amazon.com/images/I/51UhjBdbKlL._AC_UY218_.jpg|4.2|1,567
"Crompton Blendserve Hand Blender with Plastic Stem | 300 Watts Power | Detachable stem | Silent Operation | Easy to clean & Store | Food grade Blades | Hot & cold Blending"|https://m.media-amazon.com/images/I/41RPFfb4tIL._AC_UY218_.jpg|3.4|45
"INALSA Hand Blender for kitchen|Hand Mixer blender|2 Detachable Beaters & Whisker/Dough Hooks | Powerful 250 Watt Motor | Variable 7 Speed Control |Hand Blender (White/Red)-Easy Mix"|https://m.media-amazon.com/images/I/61Hojs9-PSL._AC_UY218_.jpg|4.2|16,133
"Bajaj HM-01 250W Hand Blender | 250 Watts Powerful DC Motor | 3-Speed Control | Hand Mixer with Stainless Steel Accessories & Attachments | 2-Yr Warranty | Black"|https://m.media-amazon.com/images/I/51SoQnfRxEL._AC_UY218_.jpg|4.3|7,224
ALWAFLI Portable Blender for Smoothie,nail drill Milk Shakes, Crushing Ice and Juices, USB Rechargeable Blender Machine for Kitchen (MINI Juicer 420ml)|https://m.media-amazon.com/images/I/618Jqgw2-2L._AC_UY218_.jpg|3.9|82
"Wonderchef Nutri-blend Juicer, Mixer, Grinder| 500 watts 100% Full Copper Motor| Complete Kitchen Machine|4 Unbreakable Jars|2 Years Warranty|Recipe Book By Chef Sanjeev Kapoor|Black"|https://m.media-amazon.com/images/I/61cAuha5eyL._AC_UY218_.jpg|3.7|11,415
"Maharaja Whiteline Speedmix Plus Neo Hand Blender with Stainless Steel Blades | Long Lasting Performance With 250W Motor | 800Ml Multi-Purpose Jar | Detachable Plastic Foot (Turquoise Blue & White)"|https://m.media-amazon.com/images/I/31Kv8xa0bcL._AC_UY218_.jpg|3.6|48
BlendLife Pro Portable Blender With Sipper For Juices, Shakes, Smoothies, Baby Food, Crushes Hard Ingredients, 210 Watts Motor, 4000Mah Usb Rechargeable Battery, 400Ml, 1-Year Warranty - Black|https://m.media-amazon.com/images/I/813rw8MERQL._AC_UY218_.jpg|3.9|1,337
iBELL 4500MPRO Stand Mixer with Tilt-up Head, 1500Watt, 8 Speed Control, 100% Copper Motor, 5L Stainless Steel Bowl with Planetary Rotation, Multipurpose Food Mixer (Black)|https://m.media-amazon.com/images/I/71b1+QU7WSL._AC_UY218_.jpg|4.3|768
AGARO Marvel Nutri Blender, BPA Free 2 Tritan Jars, 1000W, 100% Copper Motor, 2 Speed Modes with Pulse, Detachable Base, Stainless Steel Blades, Blend, Mix, Grind, Smoothie, Juice Maker, Black|https://m.media-amazon.com/images/I/71m37N-cd+L._AC_UY218_.jpg|3.7|1,500
AGARO Grand Professional Blender/Grinder/Mixer, 2000 watts, 2 Litres BPA Free Jar, Commercial heavy duty blender, High Power & Speed Blender, 100% Copper Motor, Pulse Function, 8 Leaf SS Blade|https://m.media-amazon.com/images/I/71PIpuPlq3L._AC_UY218_.jpg|4.1|1,198
DIGISMART DURA Hand Blender 300 W Powerful Super Silent Copper Motor Anti-Splash Technology Turbo Function Stainless Steel Stem for Hot/Cold Blending Hand Blender (Grey)|https://m.media-amazon.com/images/I/411ujltAemL._AC_UY218_.jpg|4.1|108
"Rico Heavy Duty Portable Hand Blender For Kitchen | 2 Years Replacement Warranty | 5 Blades for Making Juice, Chutney, Smoothie, Whipping & Chopper for Easy Cutting | Non Seed Crushing Juicer Blade"|https://m.media-amazon.com/images/I/61DCNUXu-9L._AC_UY218_.jpg|3.9|1,545
Kuvings Nutri Blender PRO Phantom Black, Powerful 1000 Watts Motor, Mixer/Grinder/Smoothie Maker, Blender for Smoothies and Juices, Stainless Steel Body, 2 Blade Set: Wet & Dry|https://m.media-amazon.com/images/I/81qjUyVS-IL._AC_UY218_.jpg|4.5|1,106
GoMaihe Portable Blender, USB Mini Juicer Blender, Electric Juicer Bottle Blender Grinder Mixer, Personal Size Blender for Juices, Shakes and Smoothies, Fruit Juicer Machine (JC13)|https://m.media-amazon.com/images/I/61zMjugtswL._AC_UY218_.jpg|4.7|3,940
"GrenzaFab 260W Electric Hand Mixer | Hand Blender | Egg Beater | Cake Maker | Beater Cream Mix | Food Blender | Beater For Whipping Cream Beater For Cake With 7-Speed With Free Spatula And Oil Brush"|https://m.media-amazon.com/images/I/61CS4Ot1DxL._AC_UY218_.jpg|3.9|4
Portable Blender, USB Rechargeable Mini Juicer Blender, Electric Juicer Bottle Blender Grinder Mixer, Personal Size Blender for Juices, Shakes and Smoothies Fruit Juicer Machine(MULTI) (JUICER-42)|https://m.media-amazon.com/images/I/610OHJQk4GL._AC_UY218_.jpg|2.1|27
"Libra 2200 Watt Digital Commercial Blender With 100% Copper Motor, 8 Pre-Set Function, Timer And 2 Bpa Free Jars | Heavy Duty Professional Blender Machine | Dry, Wet Grinder For Restaurants & Shops"|https://m.media-amazon.com/images/I/81QXGGnUn3L._AC_UY218_.jpg|4.2|370
Wonderchef Nutri-blend Mixer Grinder Blender, Smoothie Maker, 3 Unbreakable Jars (Blending, Grinding, and Sipper Jar), 500W 22000 RPM 100% Full Copper Motor, SS Blades, 2 Year Warranty, Red|https://m.media-amazon.com/images/I/61vIelFi08L._AC_UY218_.jpg|3.9|31,226
AGARO Royal Hand Blender & Chopper, 1500W Copper Motor, 2 Modes & 20 adjustable Speed, Chopping, Mixing, Puree, Stainless Steel Blades(Black).|https://m.media-amazon.com/images/I/61RRk04CQOL._AC_UY218_.jpg|4.2|1,567
"Qlect Portable Blender For Smoothie And Juices : Powerful 230 Watts Juicer Blender that Can Crush Ice too | Juicer Machine With 4000 mAh Rechargeable Battery-Smoothie Blender With Built In 500 ML Jar"|https://m.media-amazon.com/images/I/81QZgQNpT5L._AC_UY218_.jpg|4.8|95
"Wonderchef Nutri-blend BOLT Mixer, Grinder, Blender|Extra Powerful 600W 22000 RPM 100% Full Copper Motor|2 unbreakable jars with Sipper lid|2 Year warranty|Recipe book by Chef Sanjeev Kapoor|Black"|https://m.media-amazon.com/images/I/617swJId-hL._AC_UY218_.jpg|3.7|1,134
amazon basics Hand Blender,Chopper And Whisker,Super-Silent Dc Motor,100% Copper Motor,Ergonomic,Slim Design,Multi-Function,Stainless-Steel Blade,Detachable Stem,Click-Fit Locking (300 Watts)|https://m.media-amazon.com/images/I/61hoBxCwJVL._AC_UY218_.jpg|3.5|31
Eripeli Hand Blender Coffee Frother Milk Frother Blender USB Rechargeable Electric Foam Maker Electric Coffee Beater for Cappuccino Whisker Electric Blender for Egg Hand Blender|https://m.media-amazon.com/images/I/61zUI77O7mL._AC_UY218_.jpg|4.6|61
ALWAFLI Portable Blender Electric Juicer 6 Blade USB Rechargable Blender Shaker for Juices, Shakes and Smoothies (Red)|https://m.media-amazon.com/images/I/712r+mDeihL._AC_UY218_.jpg|2.0|46
"USB Rechargeable Mini Juicer Blender | Portable Electric Juicer Bottle for Juices, Shakes, and Smoothies | Personal Size 420ML Blender with Stainless Steel Blades (Multicolor)"|https://m.media-amazon.com/images/I/614x1En3ajL._AC_UY218_.jpg|2.3|8
"Prestige Iris Nutri-Mix 350W Mixer Grinder with 2 Multipurpose Jars|Compact Design|Dual Safety Inter-Lock System|Extra Lids for Storage|Back & Grey"|https://m.media-amazon.com/images/I/71tTeDrfe0L._AC_UY218_.jpg|2.9|121
Crompton DS 500 BLK 500-Watt Mixer Grinder with Powertron Motor & Motor Vent-X Technology (3 Stainless Steel Jars, Black & Grey)|https://m.media-amazon.com/images/I/615RCJGmqOL._AC_UY218_.jpg|3.9|2,559
KARVA Electric Hand Blender With 3 Removable Blades Multipurpose Hand Blender For Mixing Juice, Smoothie Milk Hand Mixer Beater For Baby Food & Kitchen BPA-Free 250 Watt (White)|https://m.media-amazon.com/images/I/410PbkJHnML._AC_UY218_.jpg|4.7|5
AGARO Grand Food Processor, Multi-functional Chopper, Grinder, Slicer, Shredder, Blender, 1000W, Mincing, Dicing, Shredding, Kneading, SS Blade, Black|https://m.media-amazon.com/images/I/71gznUMpzPL._AC_UY218_.jpg|3.6|104
260 W Electric Hand Mixer,Hand Blender, Egg Beater, Cake maker, Beater Cream Mix, Food Blender, Beater for Whipping Cream Beater for Cake With 7-Speed with spatula, oil brush and Cake Decorating|https://m.media-amazon.com/images/I/612+IE6AyoL._AC_UY218_.jpg|4.5|9
Braun Stainless Steel Mq 525 600 Watts Omelette Hand Blender (Silver, Grey)|https://m.media-amazon.com/images/I/51Tkh9TIhIL._AC_UY218_.jpg|4.4|128
"INALSA Hand Blender 1500 W|Silent DC Copper Motor|Variable Speed with Stepless Technology|4 Attachments|Anti-Splash Technology| Detachable Stainless Steel Stem |2 Yr Warranty (Robot INOX 1500 Step Up)"|https://m.media-amazon.com/images/I/51tPrxzP+bL._AC_UY218_.jpg|4.2|10,840
ROMINO 380ml USB Rechargeable Mini Juicer Blender, Portable Juicer Bottle, Electric Fruit Juice Maker Machine, Personal Size Juicer Bottle Blender Grinder Mixer for Juices, Shakes & Smoothies (Multi)|https://m.media-amazon.com/images/I/714Xz3C8tNL._AC_UY218_.jpg|5.0|23
ROMINO USB Rechargeable Mini Juicer Blender, Portable Juicer Bottle, Electric Fruit Juice Maker Machine, Personal Size Juicer Bottle Blender Grinder Mixer for Juices, Shakes and Smoothies (Multi)|https://m.media-amazon.com/images/I/614npVjPg8L._AC_UY218_.jpg|3.5|27
Bajaj 410535 Hand Blender 300W|https://m.media-amazon.com/images/I/41K5UKiXJCL._AC_UY218_.jpg|4.0|600
Bosch 400 Watts Steel Leg Hand Blender With Beaker (White) Ms1Wr1111I|https://m.media-amazon.com/images/I/6175Po9v58L._AC_UY218_.jpg|4.7|19
FUTRONICS Portable USB Juicer Electric USB Juice Maker Mixer Bottle Blender Grinder Juice Blender Shake Fruit & Vegetable Blender Grinder Juicer Mixer Grinder for Making Juice Smoothie Maker - 380 ml|https://m.media-amazon.com/images/I/51hg-CxmW9L._AC_UY218_.jpg|2.1|59
"Nutribullet 1200W Combo Blender, USA #1 Mixer / Grinder / Smoothie Maker, ""The Original Nutribullet"", Food Processor, Best Blender, 3 Unbreakable Jars, 1.8L Extra Large Pitcher & Tamper"|https://m.media-amazon.com/images/I/61n25aHzNNL._AC_UY218_.jpg|4.7|53
"Prestige Nutri-Mix 2.0, 350W Mixer Grinder with 2 Multipurpose Jars | Compact Design | Dual Safety Interlock System | Extra Lids for Storage | Black & Grey"|https://m.media-amazon.com/images/I/719Li0gU+5L._AC_UY218_.jpg|2.7|11
MelodySusie® Portable Electric Nail Drill Professional Home Outdoor USB Rechargeable 380ML Hand Fruit for Home Outdoor Juicer & Blender (Multi)|https://m.media-amazon.com/images/I/61RmfEyJi9L._AC_UY218_.jpg|4.4|69,183
Portable 6-Blade Juicer Blender with built-in Jar, Juicer Mixer Bottle,Fruit Juicer Machine,USB Rechargeable Personal Size Juicer Grinder for Juices,Protein&Milk Shakes -380ml (Multi Colour)|https://m.media-amazon.com/images/I/610OHJQk4GL._AC_UY218_.jpg|4.2|44
"SOLARA Electric Hand Blender for Kitchen with Whisk, Mixing Jar | Titanium Coated Stainless Steel Blades Mixer Grinder | Variable Speeds+TURBO | Blender for smoothie and juices, Batters | Red- Hand Blender Only"|https://m.media-amazon.com/images/I/51V2UD6bNxL._AC_UY218_.jpg|4.4|151
"BOSS Stellar Hand Blender 1200 Watts with Chopper, Blender Jar, On to go Bottle Cap| Variable Speed & Turbo Speed Function| Anti-Splash Technology| 2 Year Warranty| Grey"|https://m.media-amazon.com/images/I/71mlqw7HR6L._AC_UY218_.jpg|3.8|26
Havells Classique- S Low Noise 300 watt Hand Blender with Detachable Stainless Steel Stem, Double Bush,Copper Motor & 2 Years Warranty(Violet and white)|https://m.media-amazon.com/images/I/31DJUnwGk+L._AC_UY218_.jpg|4.1|23
"Pigeon by Stovekraft Mix Master Mixer Grinder for Kitchen | 500 Watts | 3 MultiPurpose Jars for Juicing | Chutney Making | Dry Grinding | Wet Grinding | Mincing | Blender|Mixer | 2Year Warranty"|https://m.media-amazon.com/images/I/710n9lr4whL._AC_UY218_.jpg|3.2|113
PHILIPS Alloy Steel Hl1655/02 Hand Blender 250W Black, 250 Watts|https://m.media-amazon.com/images/I/31eQqj+kmlL._AC_UY218_.jpg|4.3|20
AGARO Grand 1000 Watts Hand Blender With Chopper, Jar & Whisker, 2 Variable Speed Modes & Speed Regulator, Stainless Steel Blades(Black), 400mmx60mm (33635)|https://m.media-amazon.com/images/I/71a3LXfkYbL._AC_UY218_.jpg|4.2|1,567
Wonderchef Nutri-blend Mixer Grinder Blender, Smoothie Maker, 3 Unbreakable Jars (Blending, Grinding, and Sipper Jar), 500W 22000 RPM 100% Full Copper Motor, SS Blades, 2 Year Warranty, Purple|https://m.media-amazon.com/images/I/61naGPrEdFL._AC_UY218_.jpg|3.9|31,226
"FUMATO 800W Nutri Blender- 3 Jars, 2 Stainless Steel Blades, 100% Pure Copper Motor, 2200 RPM, 2 Speed Modes, Pulse Function & 1 Year Warranty | Smoothie, Juices, Shakes, Purees & Grind Spices- Purple"|https://m.media-amazon.com/images/I/71QDk20oPKL._AC_UY218_.jpg|3.6|112
BLENLABS Portable Blender for Smoothie and Juices, Milkshakes, Crushing Ice, Smoothie Blender with 4000mAh Rechargeable Battery,150 Watt Motor, 460 ML, built-in Jar (Dark black)|https://m.media-amazon.com/images/I/61+OStOw0nL._AC_UY218_.jpg|3.9|40
Wonderchef Prima Plus Electric 250 W Hand BlenderIPortableIHot & Cold BlendingIFood Grade Stainless SteelBladesINon- detachable Steel RodI2 Speed Button I Wall Mount Holder I 2 Years Warranty I Black|https://m.media-amazon.com/images/I/61S9sNDRjIL._AC_UY218_.jpg|3.2|139
KHUSHIYA ENTERPRISE Portable Blender for Juices, Shakes, Smoothies, Baby Food, Crushes Hard Ingredients, 230W Motor, 4000mah Rechargeable Battery, Stainless Steel Blades, 380ml|https://m.media-amazon.com/images/I/51LUKuAavTL._AC_UY218_.jpg|5.0|1
Prestige Stainless Steel Phb 5.0 200 Watt 2 Speed Hand Blender with Blending Jar - Black, 200 Watt|https://m.media-amazon.com/images/I/71EuhV091kL._AC_UY218_.jpg|3.8|991
"Wonderchef Nutri-Blend Juicer,Mixer,Grinder,Smoothie|Food Processor With Atta Kneader|Powerful 400 Watts 22000 Rpm Motor|4 Unbreakable Jars|2 Years Warranty|Recipe Book By Chef Sanjeev Kapoor|Red"|https://m.media-amazon.com/images/I/61X56HFwPeL._AC_UY218_.jpg|3.4|417
"DigiSmart Kitchen Mate 600 Watt Mixer Grinder Gray and Black | 3 Jar | Comes With 2 Year Warranty"|https://m.media-amazon.com/images/I/61temVS4i2L._AC_UY218_.jpg|3.7|566
"Morphy Richards Acrylonitrile Butadiene Styrene 2 In 1 Blendmaster | 400 Watts Powerful Motor | Grind, Mix, Blend & Crush 2-In-1 Machine | 2 Jars | 2 Speed Control With Pulse Mode | Silver & Black"|https://m.media-amazon.com/images/I/61msUYSouNL._AC_UY218_.jpg|3.7|44
Amazm Portable Blender - (10 Years Warranty) USB Juicer Blender, Electric Juice Maker Mixer Bottle, Grinder Mixer with 6 Blades, USB Rechargeable, Ideal for Fruit & Vegetable|https://m.media-amazon.com/images/I/61wUuJiBUhL._AC_UY218_.jpg|2.4|25
AGARO Elite Rechargeable Mini Electric Chopper, Food Grade Bowl, Stainless Steel Blades, One Touch Operation, for Mincing Garlic, Ginger, Onion, Vegetable, Meat, Nuts, 250 Ml, Black.|https://m.media-amazon.com/images/I/61WimvEAXTL._AC_UY218_.jpg|4.1|1,181
"Kesrin Portable 6 Blade Juicer - 2 USB Ports Electric USB Juice Maker & Blender | Power Bank Feature | Rechargeable Juice Mixer for Smoothies, Protein Shakes, and Juices, Travel, Gym & Personal Use"|https://m.media-amazon.com/images/I/618xgmQWooL._AC_UY218_.jpg|2.7|5
HONGXIN Mini Coffee Beater Hand Blender for Home, Milk foamer Mixer Battery Operated Maker Machine Pack of 1|https://m.media-amazon.com/images/I/11vrPLqVK9L._AC_UY218_.jpg|3.1|109
ALWAFLI Portable Blender Electric Juicer 6 Blade USB Rechargable Blender Shaker for Juices, Shakes and Smoothies (Cherry)|https://m.media-amazon.com/images/I/61UcJDIdUEL._AC_UY218_.jpg|1.8|21
"BOSS InstaBlend Portable Blender for Smoothies, Milk Shakes and Juices | USB Rechargeable Bottle Blender for Kitchen | 4000 mAh | 450 ml, Blue"|https://m.media-amazon.com/images/I/61KiVtUXFTL._AC_UY218_.jpg|5.0|4
Wonderchef Ultima Plus Hand Mixer, 200W, 5 Speed Setting, Stainless Steel Beater and Kneading Hooks, 2 Years Warranty, White|https://m.media-amazon.com/images/I/41REZIRxg1L._AC_UY218_.jpg|3.7|102
"Nutribullet Pro 900W Champagne Gold, 12 Pcs Set, Usa #1 Mixer / Grinder / Smoothie Maker, ""The Original "", Food Processor, Best Blender, 3 Unbreakable Jars, 2 Blade Set (Wet & Dry) - 900 Watts"|https://m.media-amazon.com/images/I/51mNbQSXHHL._AC_UY218_.jpg|4.5|2,398
"Libra 1200 Watts Electric Hand Blender for kitchen | Multipurpose Hand Blender with Milk Frother, Chopper, Whisker & Multipurpose Jar | Variable Speed and Turbo Function | 1 Year warranty"|https://m.media-amazon.com/images/I/6125JspgkCL._AC_UY218_.jpg|4.2|79
"Wonderchef Nutri-blend Mixer, Grinder & Blender|500W 22000 RPM 100% Full Copper Motor|Stainless Steel Blades|2 Unbreakable Jars|2 Years Warranty|Recipe book by Chef Sanjeev Kapoor|Champagne"|https://m.media-amazon.com/images/I/613GlBZMXJL._AC_UY218_.jpg|3.9|31,226
"BOSS Platinum Portable Hand Blender 225W - Watt | Variable Speed Control | 3 Years Warranty | Easy to Clean and Store | ISI-Marked, Grey"|https://m.media-amazon.com/images/I/61j1NyMMwjL._AC_UY218_.jpg|4.1|784
Zuvexa USB Rechargeable Electric Foam Maker Milk Wand Mixer Frother for Hot Milk, Hand Blender Coffee, Egg Beater (Black)|https://m.media-amazon.com/images/I/613SflARQQL._AC_UY218_.jpg|4.1|934
"FUMATO 800W Nutri Blender- 3 Jars, 2 Stainless Steel Blades, 100% Pure Copper Motor, 2200 RPM, 2 Speed Modes, Pulse Function & 1 Year Warranty | Smoothie, Juices, Shakes, Purees & Grind Spices- Blue"|https://m.media-amazon.com/images/I/71xTMPXlSvL._AC_UY218_.jpg|3.6|112
Activa Juicomatic Powerful 600 Watt Juicer Mixer Grinder With 3 Jar Comes With 2 Years Warranty, 600 Watts - Black|https://m.media-amazon.com/images/I/61ZPtUFr7VL._AC_UY218_.jpg|4.4|341
Wonderchef Nutri-Blend B - High Cup (Long Cup)|https://m.media-amazon.com/images/I/51SP2xMBKnL._AC_UY218_.jpg|4.0|77
Decorcrafts Hand Blender Coffee Beater - Electric Handheld Milk Wand Mixer Frother for Latte Coffee Hot Milk, Milk Frother for Coffee, Egg Beater, Hand Blender, Coffee Beater (Coffee Beater)|https://m.media-amazon.com/images/I/61YE2HzPc9L._AC_UY218_.jpg|3.8|32
Amazplus 6 Blade Portable Blender USB Juicer Bottle Grinder for Shake Wireless Portable Juicer Machine Rechargeable Bottle Mixer Grinder Portable Mixer Juicer for Fruits & Vegetables|https://m.media-amazon.com/images/I/81Y9rxz47fL._AC_UY218_.jpg|5.0|1
"Libra Stainless Steel 1200 Watts Electric Hand Blender For Kitchen | Detachable Shaft | Multipurpose Hand Blender For Smoothie And Juices | Variable Speed And Turbo Function | 1 Year Warranty"|https://m.media-amazon.com/images/I/71dYUolYUOL._AC_UY218_.jpg|4.2|79
Wonderchef Nutri-blend Mixer Grinder Blender, Smoothie Maker, 3 Unbreakable Jars (Blending, Grinding, and Sipper Jar), 500W 22000 RPM 100% Full Copper Motor, SS Blades, 2 Year Warranty, Champagne|https://m.media-amazon.com/images/I/614TX17sZ6L._AC_UY218_.jpg|3.9|31,226
Boss Breeze Hand Blender, 350-Watt, 2-Speed, Red - Stainless Steel, 350 Watts|https://m.media-amazon.com/images/I/61RcjeD+adL._AC_UY218_.jpg|3.6|33
Fast Deal Enterprise Portable 6-Blade Juicer Blender with built-in Jar, Juicer Mixer Bottle,Fruit Juicer Machine,USB Rechargeable Personal Size Juicer Grinder for Juices, Protein & Milk Shakes (380ml)|https://m.media-amazon.com/images/I/71to1cYVuqL._AC_UY218_.jpg|5.0|1
"Wipro Fb101 Hand Blender 300 Watt(Plastic Stem) With Dc Motor| Low Noise & Super Fast Operation|Two In One Blade-Churn, Whip,Blend &Whisk|Sleek & Ergonomic|Hanging Hook - Black"|https://m.media-amazon.com/images/I/31JgtsoiHxL._AC_UY218_.jpg|3.8|151
iBELL HB1000J 5-in-1 Hand Blender 1000Watt, with Whisker/Beater and Vegetable Chopper with Adjustable Speed Control & 600ml Container (Black)|https://m.media-amazon.com/images/I/61bd9xC15sL._AC_UY218_.jpg|4.2|1,222
"Arvox Regal 1000 Watts Hand Blender With Chopper, Jar,Whisker & Milk Frother 5 in 1 Stainless Steel Blades | Durable High Performance | Splash Guard | Turbo Mode | Hot & Cold Blending (5 IN 1 Steel)"|https://m.media-amazon.com/images/I/61K-SnHnsKL._AC_UY218_.jpg|4.0|8
Hand Blender With 7 Speed Control Electric Manual Beater Mixing Whisk Machine Egg Beater For Kitchen, Baking Coffee, Biscuit, Cake Cream, Juices, Protein Shake|https://m.media-amazon.com/images/I/51J52gASLqL._AC_UY218_.jpg|4.2|9
Wolpin Hand Mixer Whisker for Kitchen Hand Blender Stainless Steel Semi-Automatic Manual Hand Whisk Egg Beater, Kitchen Baking Tool Ingredients Whipping Cream Mixer|https://m.media-amazon.com/images/I/61NFKLh+xqL._AC_UY218_.jpg|4.0|173
"wonder star grind jar for wonder chef nutri blend ||capacity 300ml ||unbreakable polycabonate jar ||ss304 double blade for grinding || match and buy"|https://m.media-amazon.com/images/I/61CxCmuLt8L._AC_UY218_.jpg|3.5|7
"SOLARA BlendEasy Blender for Home Kitchen | 400 Watts Blender | Stainless steel Blades (Aqua - 2Jar)"|https://m.media-amazon.com/images/I/71kUgmu9R5L._AC_UY218_.jpg|3.6|626
"Wonderchef Nutri Blend Photon with Sipper Lid|Mixer, Grinder,Blender & Smoothie Maker|22000 RPM, 400W 100% Full Copper Motor|2 Unbreakable Jars|2 Year Warranty|Recipe book by Chef Sanjeev Kapoor|Black"|https://m.media-amazon.com/images/I/51rqiKtAviL._AC_UY218_.jpg|3.9|31,226
"Longway Sage 500 Watt Juicer Mixer Grinder with 2 Jars for Grinding, Mixing, Juicing with Powerful Motor | 1 Year Warranty | (Gray & Black, 2 Jars)"|https://m.media-amazon.com/images/I/71FsWyHC8VL._AC_UY218_.jpg|4.0|1,134
GANESH Insta Stainless Steel Dual Blade Handheld Manual Egg Beater Machine Lassi Butter Milk Maker Hand Blender Mixer for Coffee Juice and for Whipping Beating Liquidizing Churning (Blue)|https://m.media-amazon.com/images/I/61p5pbrgOBL._AC_UY218_.jpg|4.2|16
Filox 200 Watt Multifunctional Electric Hand Blender For Kitchen -2 Speed Hand Mixer Blender Classic Sleek Design Froth Whisker Latte Maker For Milk, coffee, Beater, juice, cafe Latte, cappuccino|https://m.media-amazon.com/images/I/31qcCNt-pQL._AC_UY218_.jpg|4.6|3
"Faber Sportz Blender FSB 5-in-1 Nutrifit Nero|400W|100% Copper Motor|Detachable SS Blade|5 PC Jars 1L+500ML+500ML Mug+300ML+300ML Dessert Cup|Dry & Wet Grinding|Nutri Blender Smoothie|2 Year Warranty"|https://m.media-amazon.com/images/I/61Nl-Xv22qL._AC_UY218_.jpg|3.9|28
Nutri-blend B - Gasket Ring|https://m.media-amazon.com/images/I/41OBGrcwZpL._AC_UY218_.jpg|3.7|141
"KENT 16044 Hand Blender Stainless Steel 400 W | Variable Speed Control | Easy to Clean and Store | Low Noise Operation"|https://m.media-amazon.com/images/I/51AqQhJMNuL._AC_UY218_.jpg|4.0|8,932
DIGISMART Kitchen Mate 750 Watt Mixer Grinder with 3 Jars for Grinding, Mixing with Powerful Motor with 1150 Watt Light Weight Lancer Dry Iron come with 2 Years Warranty (Black, Combo Offer)|https://m.media-amazon.com/images/I/51XOZwxUL3L._AC_UY218_.jpg|3.2|52
"Homeplus Nutri Blender for smoothie and juices | Juicer mixer grinder | Smoothie maker blender for Kitchen | Powerful 400W motor 20000 RPM | Shake maker, Chutney, Nutribullet blender (Gold)"|https://m.media-amazon.com/images/I/71ir9JSfvOL._AC_UY218_.jpg|3.7|215
AGARO Regency Hand Blender, 600W, Variable Speed Modes & Speed Regulator, Stainless Steel Body & Blades, For Mixing, Blending.|https://m.media-amazon.com/images/I/61rBi1rpjcL._AC_UY218_.jpg|4.2|1,567
Nexellar Manual Hand Press Blender- Powerless Hand Blender Press and Relax Handle for Performance with SS Blade Hand Blender/Beater/Mixer for Coffee, Cream, Egg,Milkshake, Lassi etc|https://m.media-amazon.com/images/I/61Z819CcpJL._AC_UY218_.jpg|3.4|115
BlendLife Plus Portable Blender for Juices, Shakes, Smoothies, Baby Food, Crushes Hard Ingredients, 230W Motor, 4000mah Rechargeable Battery, Stainless Steel Blades, 500ml, 1-Year Warranty - Red|https://m.media-amazon.com/images/I/41yJJhVM+3L._AC_UL320_.jpg|4.0|670
BlendLife Ultra Waterproof Portable Blender For Juices, Shakes, Smoothies. Pulse Mode Feature, LED Lights, 230W, 4000mah Battery. Sipper & Carry Handle, Convertible Jar 600ml - Lemon (1-Year Warranty)|https://m.media-amazon.com/images/I/91EGIm95PfL._AC_UL320_.jpg|4.1|1,227
AGARO Regency Hand Blender, 600W, Variable Speed Modes & Speed Regulator, Stainless Steel Body & Blades, For Mixing, Blending.|https://m.media-amazon.com/images/I/61rBi1rpjcL._AC_UL320_.jpg|4.2|1,567
Braun Plastic Multiquick 600-Watt Hand Blender (Mq500, White and Grey), 600 Watt|https://m.media-amazon.com/images/I/513nk5jVLmL._AC_UL320_.jpg|4.1|524
"Wonderchef Nutri-blend BOLT CKM|600W Powerful 100% Full Copper Motor|22000 RPM, Blender & Chopper|SS Blades|4 unbreakable jars with Sipper lid|2 Years warranty|Recipe book by Chef Sanjeev Kapoor|Red"|https://m.media-amazon.com/images/I/61WbzX8Zv5L._AC_UY218_.jpg|3.5|425
"Longway Blend Pro 4 Jars Mixer Grinder & Power Blender with Stainless Steel Blades & ABS Plastic Body | 22000 RPM | 3 Years Warranty (600 W, Black)"|https://m.media-amazon.com/images/I/71QgVVxQ9ZL._AC_UY218_.jpg|3.5|15
"Longway Nutri Power 600 W Mixer Grinder & Nutri Blender With Stainless Steel Blades & ABS Plastic Body | 22000 RPM | 3 Years Warranty (5 Jars, Silver)"|https://m.media-amazon.com/images/I/71tKVzqT8EL._AC_UY218_.jpg|3.6|180
SHARP Hand Mixer EM-H50N-W (500W), 5-Speed, Turbo Mode, Multiple Hooks for Whisking and Dough Making|https://m.media-amazon.com/images/I/61P7jqZRdqL._AC_UY218_.jpg|3.9|54
iBELL HB500J 3 in-1 Hand Mixer 500W with Whisker/Beater, Immersion Blender Vegetable Chopper, 600ml Container and Adjustable Speed Control (Black)|https://m.media-amazon.com/images/I/61CWMvkLIaL._AC_UY218_.jpg|4.1|409
"SANSHAM 6 Blade Smoothie Maker Usb Juicer Bottle Blender | Rechargeable Portable Blender For Juices, Shakes, Smoothies, Protien Shakes (460ml)"|https://m.media-amazon.com/images/I/61S8lBgEF9L._AC_UY218_.jpg|2.7|13
"Longway Super Dlx 700 Watt Mixer Grinder with 3 Jars for Grinding, Mixing with Powerful Motor | 1 Year Warranty | (Black & Gray, 3 Jars)"|https://m.media-amazon.com/images/I/71bh+CcvKgL._AC_UY218_.jpg|3.8|1,747
ACTIVA Plastic Pluto Pro Mixer Grinder, 500W, 3 Jars (White) 2 Year Warranty (Ivory Maroon), 500 Watts|https://m.media-amazon.com/images/I/617OtC7pSvL._AC_UY218_.jpg|4.2|730
"DIGISMART Mix Nutri Mixer Grinder With 2 Jar | 500 Watt | Long Lasting Shock Proof ABS Body | 20 MM Heavy Duty Motor With Nano -Grinding Technology Surgical Steel Blending with 2 Years Warranty"|https://m.media-amazon.com/images/I/61zAakM1YKL._AC_UY218_.jpg|3.2|104
amazon basics 500 Watt Nutri Blender with 3 Speed Settings and 2 Unbreakable Polycarbonate Jars - 600 ml + 300 ml, ISI-Marked, Black|https://m.media-amazon.com/images/I/71Wg7xVIowL._AC_UY218_.jpg|3.7|74
"Wonderchef Nutri-Blend Juicer, Mixer, Grinder, Blender & Smoothie Maker|22000 Rpm, 500 Watts 100% Full Copper Motor|3 Unbreakable Jars|2 Years Warranty|Recipe Book By Chef Sanjeev Kapoor|Purple"|https://m.media-amazon.com/images/I/61vDM839QUL._AC_UY218_.jpg|3.8|10,327
"Prestige 500 Watts Orion Mixer Grinder with 3 Stainless Steel Jars |2 years warranty| Red & White"|https://m.media-amazon.com/images/I/51EkCd1UaCL._AC_UY218_.jpg|3.9|3,264
Ganesh Stainless Steel Hand Beater Multipurpose Mixer Blender for Coffee Hot Milk,Egg Beater, Hand Blender|https://m.media-amazon.com/images/I/61irZzGFQ2L._AC_UY218_.jpg|3.9|135
"Wonderchef Nutri-blend Mixer, Grinder & Blender | 500W 22000 RPM 100% Full Copper Motor | Stainless Steel Blades | 2 Unbreakable Jars | 2 Years Warranty | Recipe book by Chef Sanjeev Kapoor | Purple"|https://m.media-amazon.com/images/I/61tYHYZUQkL._AC_UY218_.jpg|3.9|31,226
Popbabies Portable blender for smoothie and juices, juicer, Ice Crushing, blender smoothie juice, Pulse Mode Feature, 4000mAh, USB Waterproof Charging Port, Food Grade Jar, 6 Sharp Blade (450ml)|https://m.media-amazon.com/images/I/61Zxwiu-csL._AC_UY218_.jpg|3.6|89
Superchat Milkshake Mixer and Juicer Jar, 1500 ml Capacity, Transparent ABS Plastic|https://m.media-amazon.com/images/I/51QbF3WqeFL._AC_UY218_.jpg|4.0|3
"BASICS Coffee Beater Pro - Automatic | Whipped Butter | Egg Beater | Pancake Mixer | Pakoda Batter, Electric 40 W, Brown"|https://m.media-amazon.com/images/I/61irqs08-PL._AC_UY218_.jpg|4.2|701
KENT 150W 16050, 5 Speed Control, Copper Motor, Multiple Beaters, Overheating Protection, Food Grade Plastic Body Hand Blender (White)|https://m.media-amazon.com/images/I/61Vcm80nX4L._AC_UY218_.jpg|4.1|18,117
Wonderchef Nutri-blend GO, 22000 RPM 100% Full Copper Motor, 1 Unbreakable Jar, 400 W, 2 Year warranty by Wonderchef, Recipe book by Chef Sanjeev Kapoor, Mint|https://m.media-amazon.com/images/I/61v+lTQ9KhL._AC_UY218_.jpg|3.8|148
"Wipro Fb102 Hand Blender 300 Watt(Food Grade Ss Stem) With Dc Motor| Low Noise & Super Fast Operation|2 In 1 Blade-Churn, Whip,Blend &Whisk|Sleek & Ergonomic|Hanging Hook - Plastic, Black"|https://m.media-amazon.com/images/I/310h1yjRmXL._AC_UY218_.jpg|3.8|151
"SPRINGWAY- Brand of Happiness Chef's Choice Edition Kitchen Pro All-in-One Nutri Blender, Juicer Mixer Grinder & Smoothie Maker | 500W Copper Motor | 2 Jars + 1 Sipper | Ice-Crushing Power"|https://m.media-amazon.com/images/I/71W+DFZzKbL._AC_UY218_.jpg|3.7|10
"BOSS Platinum Portable Hand Blender 225W - Watt | Variable Speed Control | 3 Years Warranty | Easy to Clean and Store | ISI-Marked, Silver"|https://m.media-amazon.com/images/I/61EotCGVUqL._AC_UY218_.jpg|5.0|1
Konquer TimeS Hand Mixer, Electric Hand Whisk, Electric Hand Mixers, Small Stainless Steel Handheld Mixer, 2 Mixers and 2 Dough Hooks Electric Hand Mixers for Kitchen Beating Eggs, Cakes - 260W|https://m.media-amazon.com/images/I/61-RutoUNYL._AC_UY218_.jpg|3.4|94
Primesky® Milk Frother Hand Blender Coffee Frother Blender USB Rechargeable Electric Foam Maker Electric Coffee Beater for Cappuccino Whisker Electric Blender for Egg Hand Blender|https://m.media-amazon.com/images/I/51ts0OFIyNL._AC_UL320_.jpg|4.3|1,037
Braun Stainless Steel Mq 525 600 Watts Omelette Hand Blender (Silver, Grey)|https://m.media-amazon.com/images/I/51Tkh9TIhIL._AC_UL320_.jpg|4.4|128
Boss E113 180-Watt Hand Blender with Chutney and Chopper Attachments, Grey|https://m.media-amazon.com/images/I/61QCrwGwWbL._AC_UL320_.jpg|4.1|1,161
BOSS E111 Portable 125 Watt Hand Blender (Grey)|https://m.media-amazon.com/images/I/61k9Jmr2x9L._AC_UL320_.jpg|4.2|4,488
PRIME PICK Rechargeable Citrus Juicer, Orange Juicer Squeezer, Mosambi Juicer, wireless Portable Juicer Blender with USB Charging Electric Fruit Juicer Machine for Travel & Kitchen purpose (Multi)|https://m.media-amazon.com/images/I/71kT8VdXCLL._AC_UY218_.jpg|2.8|40
Ladila Hand Blender Mixer for Whipping Cream and Egg Beater ABS Plastic Manual Non-Electric Cake Whisker Lassi Butter Milk Maker Coffee Juice Blander|https://m.media-amazon.com/images/I/51t7fS2JjUL._AC_UY218_.jpg|4.1|30
"Wonderchef Nutri-blend BOLT Food Processor & Atta Kneader | 600W Powerful 100% Full Copper Motor | 22000 RPM Mixer grinder, Blender & Chopper | SS Blades | 4 unbreakable jars with Sipper lid | 2 Years warranty | Recipe book by Chef Sanjeev Kapoor | Black"|https://m.media-amazon.com/images/I/51uPFY6JjyL._AC_UY218_.jpg|2.6|212
AJS spares -Blender Jar Base Attachment for WONDERCHEF/MAGIC BULLET/PRESTIGE, Black (1 Set, Plastic) (Cross Blade - Base Socket)|https://m.media-amazon.com/images/I/71aWMCbUlZL._AC_UY218_.jpg|2.5|3
"KENT Hand Blender Plus Chopper 450 W | Variable Speed Control | Turbo Switch for Fast Blending & Chopping | Hot & Cold Blending | Low Noise DC Motor | Multiple Attachments Chopper, Whisker & Jar"|https://m.media-amazon.com/images/I/61nybQmQXkL._AC_UY218_.jpg|4.0|8,932
iBELL HB1000J 5-in-1 Hand Blender, 1000Watt, Hand Mixer with Whisker/Beater, Immersion Blender and Vegetable Chopper with Adjustable Speed Control & 600ml Container (Black)|https://m.media-amazon.com/images/I/618RS5wVioS._AC_UY218_.jpg|3.7|139
Home Plus Abs Plastic Nutri Blend, 20000 Rpm Mixer Grinder, 2 Unbreakable Jars, 500 Watts (White And Black)|https://m.media-amazon.com/images/I/61cZtmImHfL._AC_UY218_.jpg|3.6|346
Flare SANCTUM Atta Kneader Dough Maker with Stainless Steel Food Processor Roti Atta Blender Beater Manual Flour Mixer for Egg, Bread, Cake, Pastry, Pizza Dough|https://m.media-amazon.com/images/I/51L8nO0G5aL._AC_UY218_.jpg|3.9|12
DIGISMART DURA Hand Blender 300 W Powerful Super Silent Copper Motor Anti-Splash Technology Turbo Function Stainless Steel Stem for Hot/Cold Blending Hand Blender (Grey)|https://m.media-amazon.com/images/I/411ujltAemL._AC_UL320_.jpg|4.1|108
"BOSS Stainless Steel Big Boss Portable Hand Blender | Powerful 275 W Motor | 5 Years Warranty* First In India | Variable Speed Control | Isi-Marked, Wine, 275 Watts"|https://m.media-amazon.com/images/I/61Pxk+SGBhL._AC_UL320_.jpg|4.1|1,251
BlendLife Ultra Waterproof Portable Blender For Juices, Shakes, Smoothies. Pulse Mode Feature, LED Lights, 230W, 4000mah Battery. Sipper & Carry Handle, Convertible Jar 600ml - Olive (1-Year Warranty)|https://m.media-amazon.com/images/I/91hSlnQqQXL._AC_UL320_.jpg|4.1|1,227
BlendLife Plus Portable Blender for Juices, Shakes, Smoothies, Baby Food, Crushes Hard Ingredients, 230W Motor, 4000mah Rechargeable Battery, Stainless Steel Blades, 500ml, 1-Year Warranty - Mint|https://m.media-amazon.com/images/I/412iE4ZIQ6L._AC_UL320_.jpg|4.0|670
SELTOS Stainless Steel Electric Classic Sleek Design Mini Hand Blender - IKEA Make|https://m.media-amazon.com/images/I/316Mc8rPH2L._AC_UY218_.jpg|3.5|36
Maharaja Whiteline Turbomix King Plus Hand Blender, 250W, Duraforce advanced blade technology, 800ml multi-purpose jar, 500ml Chopper… (250)|https://m.media-amazon.com/images/I/51Zeie4XrWL._AC_UY218_.jpg|3.7|117
"Atomberg Zenova Mixer Grinder with Unique Coarse Mode | Advanced Safety Features | 4 Jars including Chopper Jar with Hands Free Operation (Black)"|https://m.media-amazon.com/images/I/61xiE5hfJxL._AC_UY218_.jpg|4.4|282
"Longway Kratos 1000 Watt Juicer Mixer Grinder with 4 Jars for Grinding, Mixing, Juicing with Powerful Motor | 1 Year Warranty | (Black, 4 Jars)"|https://m.media-amazon.com/images/I/7134ahCzaxL._AC_UY218_.jpg|4.0|187
"Lifelong LLHB921 300 W Hand Blender Machine for Kitchen with Stainless Steel Blade| Food Mixer, Purees, Smoothies, Shakes, Sauces & Soups | 1 Year Warranty (ISI Certified, White)"|https://m.media-amazon.com/images/I/31mWsNxfMEL._AC_UY218_.jpg|3.8|35
Butterfly MGA Multipurpose Blender Jar -1.5L (Black) Stainless Steel, 50 kilowatts|https://m.media-amazon.com/images/I/51vjCvqJp-L._AC_UY218_.jpg|4.0|209
Popbabies Portable blender for smoothie and juices, 450ML Ice Crushing, blender smoothie juice, Pulse Mode Feature, 4000mAh, USB Waterproof Charging Port, Food Grade Jar, 6 Sharp Blade (White)|https://m.media-amazon.com/images/I/71vOYlrSWNL._AC_UY218_.jpg|3.6|89
AGARO Nutri-Max Personal Blender 1000W, Mixer/Grinder/Smoothie Maker, Blender for Smoothies and Juices, Stainless Steel Body, 2 Blade Sets, Wet & Dry|https://m.media-amazon.com/images/I/71mmf6zpCqL._AC_UY218_.jpg|4.5|19
"Faber Hand Blender, SS Blade & Shaft || 550W DC Motor, Copper Wiring, Variable Speed Control and Swirl Technology || Comes with 1L Storage || 2 Year Comprehensive Warranty (FHB 6059 FS BK) Black"|https://m.media-amazon.com/images/I/51XutGLByLL._AC_UY218_.jpg|3.6|4
"Wonderchef Nutri-blend SMART Automatic Mixer Grinder with Dual Pulse Function|22000 RPM|100% Full Copper Motor|2 Unbreakable Jars| 500 Watt| 2 Years Warranty| Recipe book by Chef Sanjeev Kapoor| Black"|https://m.media-amazon.com/images/I/7128V4H2ruL._AC_UY218_.jpg|3.9|166
"Wonderchef Nutri-blend Juicer, Mixer, Grinder, Blender & Smoothie Maker | 22000 RPM, 400W 100% Full Copper Motor |3 unbreakable jars | 2 Years warranty | Recipe book by Chef Sanjeev Kapoor | Champagne"|https://m.media-amazon.com/images/I/51jCKUDXqXL._AC_UY218_.jpg|3.8|10,327
Orpat Personal Blender HealthyBlend Grind (White)|https://m.media-amazon.com/images/I/513DjaHjaDL._AC_UY218_.jpg|3.8|4
KUVI Stainless Steel Wooden Hand Blender Mixer Froth Whisker Latte Maker for Milk Coffee Egg Beater Juice (Set of 1) (Wooden Handle Beater)|https://m.media-amazon.com/images/I/61ZCbm5CTgL._AC_UY218_.jpg|4.2|8
T TOPLINE (260 W) Electric Hand Mixer, Cake maker , Beater Cream Mix, Food Blender, Egg Beater for Whipping Cream With 7 -Speed with spatula and oil brush|https://m.media-amazon.com/images/I/61iVmodCk5L._AC_UY218_.jpg|3.8|1,766
(Refurbished) Wonderchef Nutri-blend Mixer Grinder Blender, Smoothie Maker, 3 Unbreakable Jars (Blending, Grinding, and Sipper Jar), 500W 22000 RPM 100% Full Copper Motor, SS Blades, 2 Year Warranty, Black|https://m.media-amazon.com/images/I/61sLRQ4RvbL._AC_UY218_.jpg|2.0|3
UJJi Coffee/Milk/Beater Mixer Mini Portable Battery Operated Shaker 100 W Hand Blender|https://m.media-amazon.com/images/I/61fJVR6XUsL._AC_UY218_.jpg|1.0|1
Singer High Speed Nutri Blender/Mixer/Juicer/Smoothie Maker 300-Watts with 2 Jar -Black|https://m.media-amazon.com/images/I/51rIpydnuqL._AC_UY218_.jpg|3.4|179
"Homeplus Nutri Blender for smoothie and juices | Juicer mixer grinder | Smoothie maker blender for Kitchen | Powerful 400W motor 20000 RPM | Shake maker, Chutney, Nutribullet blender (Rose Gold)"|https://m.media-amazon.com/images/I/71gjGi49nQL._AC_UY218_.jpg|3.7|215
DigiSmart 400 watts Genius 100% Copper Motor Electric Chopper Blue & Black With 1 Year Warranty|https://m.media-amazon.com/images/I/61m7RmF5UhL._AC_UY218_.jpg|4.0|282
Wonderchef Nutri Blend, 22000 RPM Mixer Grinder, Blender, Stainless Steel Blades, 3 Unbreakable Jars, 2 Years Warranty, 400 W-Red, Online Recipe Book by Chef Sanjeev Kapoor|https://m.media-amazon.com/images/I/61wqCNV7YDL._AC_UY218_.jpg|3.8|10,327
"Wonderchef Nutri Blend Smart 3 Jar Automatic Mixer Grinder with Dual Pulse Function|22000 RPM|100% Full Copper Motor|3 Unbreakable Jars|500 W|2 Years Warranty|Recipe book by Chef Sanjeev Kapoor| Black"|https://m.media-amazon.com/images/I/71ZHpVV7rfL._AC_UY218_.jpg|3.9|166
MAPPERZ Multicolored Mini Coffee Milk Egg Beater Electric Foam Hand Blender Mixer Classic Sleek Design Froth Whisker Latte Maker for Milk, Coffee, Beater, Juice, Café Latte, Cappuccino|https://m.media-amazon.com/images/I/51GEEIE7T0L._AC_UY218_.jpg|2.9|9
Ninja Food And Drink Blender, 700W (Black)|https://m.media-amazon.com/images/I/61BoD9xMv8L._AC_UY218_.jpg|4.9|16
Saiostore Power Free Hand Blender For Curd, Egg Beater , Multicolour|https://m.media-amazon.com/images/I/31w2b6Z99yL._AC_UY218_.jpg|3.7|30
"Longway Reo 550 Watt Mixer Grinder with 4 Jars for Grinding, Mixing, Blending, Juicing with Powerful Motor | 1 Year Warranty | (Black & Gray,4 Jars)"|https://m.media-amazon.com/images/I/71VO9J1qObL._AC_UY218_.jpg|3.8|335
KOHLER July 20591IN-4-CP Wall-Mount Kitchen Mixer|https://m.media-amazon.com/images/I/51zaiHwemHS._AC_UY218_.jpg|4.1|47
"Wonderchef Nutri-Blend Juicer, Mixer Grinder|Food Processor with Atta Kneader|400W 100% Full Copper Motor|4 Unbreakable Jars|2 Years Warranty|Recipe Book by Chef Sanjeev Kapoor|Black"|https://m.media-amazon.com/images/I/41ohD4jPMfL._AC_UY218_.jpg|3.5|873
"Jtku Handicraft01 Sheesham Wooden Mixer Hand Blender | mathani | Butter Milk lassi Maker | ghotni | mathani | ravai churner (Sheesham Whisks 12 inch)"|https://m.media-amazon.com/images/I/61pClUTAbuS._AC_UY218_.jpg|3.9|5
Mabron Portable Blender,Personal Blender for Shakes and Smoothies,Personal Size Blenders with USB Rechargeable Mini Fruit Juice Mixer, Mini Juicer Smoothie Blender Bottles Travel|https://m.media-amazon.com/images/I/618Zlk+S0QL._AC_UY218_.jpg|5.0|3
T TOPLINE 260 W Hand Mixer for Egg Beater and Food Blender,Hand Blender,Cake maker,Hand mixer, Beater Cream Mix with 7 Speed Handheld Processor (White) with spatula and oil brush|https://m.media-amazon.com/images/I/41KarqHm8kL._AC_UY218_.jpg|4.0|1,298
Bosch 400 Watts Steel Leg Hand Blender With Beaker, Chopper And Whisker (Black) Ms1Bg1151I|https://m.media-amazon.com/images/I/614P2hAHx3L._AC_UY218_.jpg|3.8|20
"BULLETPARTS Replacement White Gasket Rubber Seal, Compatible with Original Magic Bullet Blender MB1001 250W Cross or Flat Blade | (2)"|https://m.media-amazon.com/images/I/31F-8dFHcPL._AC_UY218_.jpg|2.0|1
"Homeplus Nutri Blender for smoothie and juices | Juicer mixer grinder | Smoothie maker blender for Kitchen | Powerful 400W motor 20000 RPM | Shake maker, Chutney, Nutribullet blender (Copper)"|https://m.media-amazon.com/images/I/71XWJvA0oBL._AC_UY218_.jpg|3.7|215
Activa Pluto Combo 500 Watt 3 Jar Mixer Grinder With Electric Dry Iron Come With 2 Year Warranty - Multicolor|https://m.media-amazon.com/images/I/71lPyF6LLaL._AC_UY218_.jpg|4.3|1,308
"Maharaja Whiteline Joy Elite Mixer Grinder with 4 Jars, Long Lasting Performance with 750 Watt Motor | Jar Flow Breaker | 5 Year Motor Warranty (Black & Grey)"|https://m.media-amazon.com/images/I/51OB6cSgcJL._AC_UY218_.jpg|3.9|2,048
"MTF Hand Blender | Egg Beater | Whisker For Kitchen With Wire Blades, Power Free Manual Blender (Multi)"|https://m.media-amazon.com/images/I/61eh6INdGRL._AC_UY218_.jpg|4.1|25
PHILIPS HL1631/HL1632 Assembly Blender Jar, White|https://m.media-amazon.com/images/I/41kQnGDO0gL._AC_UY218_.jpg|4.1|657
COOKfirst NutriXpert Nutriblenderr High Speed Blender/Mixer/Smoothie Maker - 500 Watt - Black, 3 Jars, 2 Blades, 1 Sipper and 2 Years Warranty|https://m.media-amazon.com/images/I/71pKVxuhdOL._AC_UY218_.jpg|5.0|2
Amazm Portable Blender - USB Rechargeable Mini Fruit Mixer Juicer Blender, Personal Size Electric Juicer Bottle Blender Grinder Mixer, 6 Blade for Juices, Shakes and Smoothies - MultiColors|https://m.media-amazon.com/images/I/61wUuJiBUhL._AC_UY218_.jpg|2.4|15
INDUXIN Mini Coffee Beater Hand Blender for Home, Milk foamer Mixer Battery Operated Maker Machine Pack of 1|https://m.media-amazon.com/images/I/51qytx9s3NL._AC_UY218_.jpg|2.7|26
"BOSS Cosmic Hand Blender 800 Watts | Variable Speed | Anti-Splash Technology| 2 Year Warranty| Black"|https://m.media-amazon.com/images/I/61h3C3x+yNL._AC_UY218_.jpg|5.0|6
"ACTIVA ABS Super Chef 900 Watts Powerful Motor Mixer Grinder With 4 Jars | 2 Years Motor, Black"|https://m.media-amazon.com/images/I/71dIv1oSJVL._AC_UY218_.jpg|4.3|1,638
"Nutribullet PRO 900W, 12 Pcs Set, USA #1 Mixer/Grinder/Smoothie Maker, ""The Original Nutribullet"", Food Processor, Best Blender, 3 Unbreakable Jars, 2 Blade Set - Wet & Dry (900W Jade)"|https://m.media-amazon.com/images/I/5167xfgtb8L._AC_UY218_.jpg|4.5|38
"Padmashree ® Nutri Blender Bullet Mixer Grinder Juicer 600 Watts| Multi-Functional 5 Jars With 3 Blades| 20000 RPM Full Copper Motor | 5 Storage Jar for Smoothies Coffee Soup | 2-Year Warranty | Black"|https://m.media-amazon.com/images/I/71Qgqg3J7CL._AC_UY218_.jpg|3.7|125
Preethi Tiara Mixer Grinder for Kitchen - 3 Jars 500 Watt Mixie - Chutney Jar & Dry Grinder Jar used as Wet Grinder & Blender - Stainless Steel Blades(Grey)|https://m.media-amazon.com/images/I/61-usEKt5NL._AC_UY218_.jpg|3.9|890
Bajaj Stainless Steel Juvel 300 Watts Hand Blender with Prism Design & Silent Dc Motor, Pink|https://m.media-amazon.com/images/I/41M1fsu24ML._AC_UY218_.jpg|3.7|78
"Inditradition 7-Speed 260-Watt Super Hand Mixer Blender | with 2xWhiskers & 2xBeaters (White)"|https://m.media-amazon.com/images/I/61T8WMtoUyL._AC_UY218_.jpg|3.3|79
JADE-X Powerful Hand Blender - Versatile and Efficient Kitchen Appliance for Smoothies, Soups, and More.|https://m.media-amazon.com/images/I/61vkol5FVlL._AC_UY218_.jpg|1.0|1
"Homeplus Nutri Blender for smoothie and juices | Juicer mixer grinder | Smoothie maker blender for Kitchen | Powerful 400W motor 20000 RPM | Shake maker, Chutney, Nutribullet blender (White)"|https://m.media-amazon.com/images/I/71i3ei42HpL._AC_UY218_.jpg|3.7|215
Amazon Basics 300 Watts Wired Electric Chopper with 4-Leaf Rust-Resistant Blades and Unbreakable 830 ml Polycarbonate Jar (One-Touch Operation) (Black)|https://m.media-amazon.com/images/I/61e3lGxJzuL._AC_UY218_.jpg|4.0|248
"Faber Sportz Blender FSB 2-in-1 Nutrifit Nero|Mixer Grinder Blender|400W|100% Copper Motor|Detachable SS Blade|2 PC Jar 500ML & 300ML|Wet & Dry Grinding|Nutri Blender Smoothie|2 Year Warranty by Faber"|https://m.media-amazon.com/images/I/51-GW8OaX3L._AC_UY218_.jpg|3.3|64
Crompton Ameo 750-Watt Mixer Grinder with MaxiGrind and Motor Vent-X Technology (3 Stainless Steel Jars and 1 Juicer Jar, Black & Green) (AMEO-4JARS)|https://m.media-amazon.com/images/I/717oHiyKisL._AC_UY218_.jpg|3.9|10,109
"NUUK KRUSH Smoothie Blender | 500W Personal Blender with 24,500 RPM | 6 Leaf Blade Design || Titanium Alloy Material | 460ml BPA-Free Go Jar™ | Compact Smoothie Maker for Gym, Office, & Kitchen"|https://m.media-amazon.com/images/I/61O6+uQtdCL._AC_UY218_.jpg|5.0|42
KitchenAid K400 Diamond Stand Blender Onyx Black (Candy Apple)|https://m.media-amazon.com/images/I/31RQSommqnL._AC_UY218_.jpg|3.0|2
"Wonderchef Nutri-blend Juicer, Mixer, Grinder & Chopper|500W 100% Full Copper Motor|Complete Kitchen Machine|4 Unbreakable Jars|2 Years Warranty|Recipe Book By Chef Sanjeev Kapoor|Champagne"|https://m.media-amazon.com/images/I/51EpZ6PoyBL._AC_UY218_.jpg|3.7|11,415
Nespresso 3694-US-BK Aeroccino3 Milk Frother, One Size, Black|https://m.media-amazon.com/images/I/61tY-TRM7CL._AC_UY218_.jpg|4.4|8,016
Prestige Phb 6.0 2 Speed Hand Blender with Blending Jar, Chopping, Whisking Attachment, 200 Watts|https://m.media-amazon.com/images/I/614uGQAOTEL._AC_UY218_.jpg|3.9|2,093
SPRADE Stainless Steel Silver Mixi Egg, Lassi, Butter Milk Maker, Mixer/Manual Hand Blender|https://m.media-amazon.com/images/I/41WvbwrJs4L._AC_UY218_.jpg|4.6|7
Sujata Blender Plastic Jar, 1750 ml, (White) (White_1)|https://m.media-amazon.com/images/I/51xjfaPI+eL._AC_UY218_.jpg|4.4|2,360
Black Mild Steel Hand Blender Rubber Coupler 3 pcs|https://m.media-amazon.com/images/I/51kXQ6IK91L._AC_UY218_.jpg|3.4|6
Milestouch Silicone Bullet Blender ( White ), 100 Watts, Pack of 4|https://m.media-amazon.com/images/I/11jC4g0cZ1L._AC_UY218_.jpg|3.4|285
"Shrux Electric 220V Food Chopper/Mini Food Processor Capsule Cutter/Multi Purpose Vegetable Fruit Blender Mixer Food Crusher Meat Grinder Mixer | Vegetable Cutter & juicer (1Pcs) (Multicolor)"|https://m.media-amazon.com/images/I/51h1bX2dITL._AC_UY218_.jpg|1.0|1
Braun Plastic Multiquick 750 Watts Hand Blender (7 Mq745, Black)|https://m.media-amazon.com/images/I/51DPgAT3HPL._AC_UY218_.jpg|4.5|2,864
FUMATO 600W Hand Blender with Chopper, Whisker, Coffee Frother & Jar- Stainless Steel Blade, Detachable Body, 7 Adjustable Speed with Pulse, 100% Full Copper Motor, Anti-Splash & 1 Year Warranty- Pink|https://m.media-amazon.com/images/I/71sCoyZ7qTL._AC_UY218_.jpg|4.0|63
Home Plus Nutri Blend, 20000 RPM Mixer Grinder, 2 Unbreakable Jars,(Black and Red)ABS plastic, 500 Watts|https://m.media-amazon.com/images/I/619gfclvJGL._AC_UY218_.jpg|3.6|346
"Easycook Hardfighter 1500 Watt Mixer Juicer Grinder | Heavy Duty Commercial Blender | Industrial Blender | 4x Performance"|https://m.media-amazon.com/images/I/5125YzIVzrL._AC_UY218_.jpg|5.0|7
Kuber Industries Power-Free Hand Blender And Beater In Kitchen Appliances With High Speed Operation (Egg And Cream; Milkshake; Soup; Lassi; Butter Milk Maker) (Orange), standard (HS_36_KUBMART018971)|https://m.media-amazon.com/images/I/51n7mP6gB7L._AC_UY218_.jpg|3.4|26
STAGER Electric Handheld Milk Wand Mixer Frother for Latte Coffee Hot Milk Hand Blender - Multicolor (Pack Of 1).|https://m.media-amazon.com/images/I/41DQ5uUXdLL._AC_UY218_.jpg|5.0|1
"Maharaja Whiteline Gala Happiness Juicer Mixer Grinder with 2 Jars | Long Lasting Performance with 450 Watts| Food Grade Safe | High Grade Mesh for Efficient Juicing | 2 Year Warranty (White)"|https://m.media-amazon.com/images/I/51iBq6TKz6L._AC_UY218_.jpg|3.6|165
Crompton Ameo 750-Watt Mixer Grinder with MaxiGrind and Motor Vent-X Technology (3 Stainless Steel Jars, Black & Green)|https://m.media-amazon.com/images/I/61ukOt2g0JL._AC_UY218_.jpg|3.9|10,109
"The Better Home FUMATO Turbo 250W Portable Electric Hand Blender | Detachable Stainless Steel Stem | Hand Blender for smoothie & Juices | 1 year mfgh Warranty (Misty Blue)"|https://m.media-amazon.com/images/I/61ZDUzPMuaL._AC_UY218_.jpg|3.8|49
Inditrust WITH 3 MONTHS WARRANTY 950W Multi Use Powerful Grinder With 1Pair Gloves and 11pc Multi type wheel Combo Angle Grinder (100 mm Wheel Diameter) 100% Copper Winding (YELLOW)|https://m.media-amazon.com/images/I/81w5sQH2wpL._AC_UY218_.jpg|3.7|278
Cookwell Bullet Mixer Grinder (3 Jar, 2 Blade, Silver) - Copper, 600 Watts - 2 Year Warranty|https://m.media-amazon.com/images/I/71h+nwRmu2L._AC_UY218_.jpg|4.2|18,727
Cookwell Bullet Mixer Grinder (3 Jar, 2 Blade, Black) - Copper, 600 Watts - 2 Year Warranty|https://m.media-amazon.com/images/I/81+c-ymwAvL._AC_UY218_.jpg|4.2|18,727
Cookwell Bullet Mixer Grinder (5 Jars, 3 Blades, Black) - Copper, 600 Watts - 2 Year Warranty|https://m.media-amazon.com/images/I/81o877opw6L._AC_UY218_.jpg|4.2|18,727
BlendLife Plus Portable Blender for Juices, Shakes, Smoothies, Baby Food, Crushes Hard Ingredients, 230W Motor, 4000mah Rechargeable Battery, Stainless Steel Blades, 500ml, 1-Year Warranty - Lavender|https://m.media-amazon.com/images/I/41Jjok4KucL._AC_UL320_.jpg|4.0|670
AGARO Grand 1000 Watts Hand Blender with 2 Variable Speed Modes & Speed Regulator, Stainless Steel Blades(Black), 400mmx60mm (33636)|https://m.media-amazon.com/images/I/51UhjBdbKlL._AC_UL320_.jpg|4.2|1,567
CROMPTON AMEO TRIO – Hand blender+ Chopper+ whisker, 300 watts powerful motor, Food grade blades, Blend/Chopp/Whisk, Hot and cold Blending, Anti splash technology, 2 years warranty.|https://m.media-amazon.com/images/I/51o2ZEJasIL._AC_UY218_.jpg|4.0|21
Borosil NutriFresh Portable Mini-Blender & Grinder, 500 ml Blending Jar, 300 ml Chutney Jar, For Blending Smoothies & Chutneys, Dry Grinding Spices, Black, 400 W|https://m.media-amazon.com/images/I/511YAYnth1L._AC_UY218_.jpg|3.5|42
Wonderchef Nutri-blend Activ Mixer Grinder Blender, Smoothie Maker, 500W 22000 RPM 100% Full Copper Motor, 2 Unbreakable Jars, SS Blades, 2 Year Warranty, Recipe book by Chef Sanjeev Kapoor, Black|https://m.media-amazon.com/images/I/61dREQj1TpL._AC_UY218_.jpg|3.6|134
Boss E113 180-Watt Hand Blender with Chutney and Chopper Attachments, Grey|https://m.media-amazon.com/images/I/61QCrwGwWbL._AC_UY218_.jpg|4.1|1,161
"Maharaja Whiteline Plastic Torsio Plus Hand Blender with 3 Blades, Long Lasting Performance with 250 Watt Motor| Multiple Detachable Blades | 2 Year Warranty - Hb-141 (Grey)"|https://m.media-amazon.com/images/I/31XCEWQPtxL._AC_UY218_.jpg|3.5|299
"Wonderchef Nutri-blend BOLT Complete Kitchen Machine|600W Powerful100% Full Copper Motor|4 unbreakable jars with Sipper lid|2 Years warranty|Recipe book by Chef Sanjeev Kapoor|Black"|https://m.media-amazon.com/images/I/61dxwSpB6gL._AC_UY218_.jpg|3.5|425
BlendLife Ultra Waterproof Portable Blender For Juices, Shakes, Smoothies. Pulse Mode Feature, LED Lights, 230W, 4000mah Battery. Sipper & Carry Handle, Convertible Jar 600ml - Lemon (1-Year Warranty)|https://m.media-amazon.com/images/I/91EGIm95PfL._AC_UY218_.jpg|4.1|1,228
"Longway Super Dlx 750 Watt Juicer Mixer Grinder with 4 Jars for Grinding, Mixing, Juicing with Powerful Motor | 1 Year Warranty | (Black & Gray, 4 Jars)"|https://m.media-amazon.com/images/I/71vfrhmJ1SL._AC_UY218_.jpg|3.8|1,747
"BOSS InstaBlend Portable Blender for Smoothies, Milk Shakes and Juices | USB Rechargeable Bottle Blender for Kitchen | 4000 mAh | 450 ml, Black"|https://m.media-amazon.com/images/I/61pBsnsF7vL._AC_UY218_.jpg|5.0|4
"ACTIVA Megamix 1000 W Powerful Motor Mixer Grinder With 4 Jars | 2 Years Motor Warranty, Red"|https://m.media-amazon.com/images/I/71Yby05gBIL._AC_UY218_.jpg|4.3|957
"Sujata Supermix 900 Watts Mixer Grinder | 22000 Rotations Per Min | 90 Minutes Continuous Running | 3 Versatile Jars 1750 ml, 1000 ml and 400 ml"|https://m.media-amazon.com/images/I/61S+MdfS0SL._AC_UY218_.jpg|4.5|5,769
Wonderchef Nutri Blend Complete Kitchen Machine, Mixer Grinder, Blender, Chopper, Juicer, Stainless Steel Blades, 4 Jars, 2 Yrs Warranty, 400 Watts, Red, Online Recipe Book By Chef Sanjeev Kapoor|https://m.media-amazon.com/images/I/61MVx1lRfYL._AC_UY218_.jpg|3.7|11,415
"Longway Super Dlx 700 Watt Mixer Grinder with 3 Jars for Grinding, Mixing with Powerful Motor | 1 Year Warranty | (Blue & White, 3 Jars)"|https://m.media-amazon.com/images/I/71MXVaZ9yyL._AC_UY218_.jpg|3.8|1,747
"Upgraded - 6 Blade Usb Juicer 380ml | Bottle Blender | Rechargeable Portable Blender For Juices, Shakes, Smoothies, Protien Shakes (NG-01)"|https://m.media-amazon.com/images/I/41eU1MxcbAL._AC_UY218_.jpg|1.0|1
REGOLITH ENTERPRISES Unbreakable Bullet Mixer-Grinder Blender Jars 5300ml & 350ml for Nutritious Juices Shakes Crushes Grinding & Mixie Jar|https://m.media-amazon.com/images/I/31uCZYiPH9L._AC_UY218_.jpg|3.1|4
FUMATO 600W Hand Blender with Chopper, Coffee Frother, Whisker & Jar for Kitchen- Turbo Function & Speed Regulator, Stainless Steel Blades, 100% Copper Motor, Splash Proof, 1 Yr Warranty (Cherry Pink)|https://m.media-amazon.com/images/I/71rAZSWhudL._AC_UY218_.jpg|4.0|63
CROMPTON AMEO PRO 750W 4 Jars Mixer Grinder with MaxiGrind and Motor Vent-X Technology (3 Stainless Steel Jars and 1 Juicer Jar, Black & Blue)|https://m.media-amazon.com/images/I/61mjtfh5swL._AC_UY218_.jpg|3.9|10,110
AGARO Grand Plus 6 in 1 Hand Blender 1000W, 100% Copper Motor, 2 Variable Speed Modes & Speed Regulator, Stainless Steel Blades, Chopper,Whisker,Multipurpose Jar, frother, slicer, shredder, Black|https://m.media-amazon.com/images/I/71+m99RAYqL._AC_UL320_.jpg|4.2|1,567
"Goodscity Blender For Smoothie And Juices | Portable Hand Blender For Kitchen | Premium Usb Rechargeable Fruit Juicer Machine | 450Ml BPA FREE Food Grade Jar| Long Battery Life |1 Year Warranty -GC171"|https://m.media-amazon.com/images/I/61cZ0vKX6WL._AC_UY218_.jpg|4.5|1,268
"Salt PureBlend Sport Portable Blender for Smoothies, Protein Shakes, Crushing Ice | Sipper Lid | 4000 mAh Battery, USB-C Port | 230W Motor | 400 ML (White)"|https://m.media-amazon.com/images/I/716GNw9i+6L._AC_UY218_.jpg|4.2|94
"Salt PureBlend Classic Portable Blender for Smoothies, Protein Shakes, Crushing Ice | 2000 mAh Battery, USB-C Port | 150W Motor | 400ml (White)"|https://m.media-amazon.com/images/I/61fiQi1XSDL._AC_UY218_.jpg|4.1|173
"Salt PureBlend Ultra Portable Blender for Smoothies, Protein Shakes, Crushing Ice | 4000 mAh Battery, USB-C Rechargeable | 230W Motor with Turbo Mode | 600ml (White)"|https://m.media-amazon.com/images/I/71aHNrGNFvL._AC_UY218_.jpg|4.2|78
"Salt PureBlend Pro Portable Blender for Smoothies, Protein Shakes, Crushing Ice | 4000 mAh Battery, USB-C Port | 230W Motor with Turbo Mode | 500ml (White)"|https://m.media-amazon.com/images/I/714XQXFdGTL._AC_UY218_.jpg|4.4|42
"Salt PureBlend Sport Portable Blender for Smoothies, Protein Shakes, Crushing Ice | Sipper Lid | 4000 mAh Battery, USB-C Port | 230W Motor | 400 ML (Black)"|https://m.media-amazon.com/images/I/71RIEuki5tL._AC_UY218_.jpg|4.2|94
"Salt PureBlend Classic Portable Blender for Smoothies, Protein Shakes, Crushing Ice | 2000 mAh Battery, USB-C Port | 150W Motor | 400ml (Black)"|https://m.media-amazon.com/images/I/61o0xb0MfAL._AC_UY218_.jpg|4.1|173
"Salt PureBlend Ultra Portable Blender for Smoothies, Protein Shakes, Crushing Ice | 4000 mAh Battery, USB-C Rechargeable | 230W Motor with Turbo Mode | 600ml (Black)"|https://m.media-amazon.com/images/I/71c7005B8ML._AC_UY218_.jpg|4.2|78
"Salt PureBlend Pro Portable Blender for Smoothies, Protein Shakes, Crushing Ice | 4000 mAh Battery, USB-C Port | 230W Motor with Turbo Mode | 500ml (Black)"|https://m.media-amazon.com/images/I/71UYOiaKVHL._AC_UY218_.jpg|4.4|42
BlendLife Pro Portable Blender With Sipper For Juices, Shakes, Smoothies, Baby Food, Crushes Hard Ingredients, 210 Watts Motor, 4000Mah Usb Rechargeable Battery, 400Ml, 1-Year Warranty - Black|https://m.media-amazon.com/images/I/813rw8MERQL._AC_UL320_.jpg|4.0|1,419
AGARO Royal Hand Blender & Chopper, 1500W Copper Motor, 2 Modes & 20 adjustable Speed, Chopping, Mixing, Puree, Stainless Steel Blades(Black).|https://m.media-amazon.com/images/I/61RRk04CQOL._AC_UL320_.jpg|4.2|1,660
InstaCuppa Ultra Slim Portable Blender Bottle – 180W Power, 3000mAh Battery, USB Type-C Rechargeable, 6 Stainless Steel Blades, 480ml Capacity with Markings, Magnetic Lock Safety (Upgraded Edition)|https://m.media-amazon.com/images/I/51+Z1VU8EZL._AC_UL320_.jpg|4.1|4,255
"KENT 16051 Hand Blender 300 W | 5 Variable Speed Control | Multiple Beaters & Dough Hooks | Turbo Function, Plastic, 300 Watts"|https://m.media-amazon.com/images/I/41S54YilaQL._AC_UY218_.jpg|4.1|18,241
"Pigeon By Stovekraft Nutri Mixer | Grinder Juicer Blender Smoothie Maker All-in-1 Machine | 400 Watt | 3 Jars- Multiuse Jar 500ml, Dry Grind 300ml, 1 Sipper, 1 Cap, 1 Strainer |2 Blades|1Year Warranty"|https://m.media-amazon.com/images/I/619Id4KxavL._AC_UY218_.jpg|2.8|495
"Qlect Portable Blender For Smoothie And Juices : Powerful 45 Watts Juicer Blender that Can Crush Ice too | Juicer Machine With 1800 Mah Rechargeable Battery-Smoothie Blender With Built In 500 ML Jar"|https://m.media-amazon.com/images/I/71QvpeisutL._AC_UY218_.jpg|3.6|93
AGARO Grand 1000 Watts Hand Blender With Chopper, Jar & Whisker, 2 Variable Speed Modes & Speed Regulator, Stainless Steel Blades(Black), 400mmx60mm (33635)|https://m.media-amazon.com/images/I/51xXxh3hJML._AC_UY218_.jpg|4.2|1,660
SUPERSTUD Portable USB Juicer Blender for Juices and Smoothie, Milk Shakes, (Juicer Blender-G)|https://m.media-amazon.com/images/I/617DDNLq3xL._AC_UY218_.jpg|4.9|158
Portable USB Juicer Electric USB Juice Maker Mixer Bottle Blender Grinder Juice Blender Shake Fruit & Vegetable Blender Grinder Juicer Mixer Grinder for Making Juice Smoothie Maker|https://m.media-amazon.com/images/I/51aLzSgMTOL._AC_UY218_.jpg|4.2|2,683
Etekcity Portable Electric Nail Drill Juicer Portable Blender, USB Rechargeable Mini Juicer Blender, Electric Juicer Bottle Blender Grinder Mixer, Personal Size Blender for Juices|https://m.media-amazon.com/images/I/51XXxA40TEL._AC_UY218_.jpg|4.6|5,799
"Salt PureBlend Sport Portable Blender for Smoothies, Protein Shakes, Crushing Ice | Sipper Lid | 4000 mAh Battery, USB-C Port | 230W Motor | 400 ML (Black)"|https://m.media-amazon.com/images/I/71RIEuki5tL._AC_UL320_.jpg|4.0|101
"Salt PureBlend Ultra Portable Blender for Smoothies, Protein Shakes, Crushing Ice | 4000 mAh Battery, USB-C Rechargeable | 230W Motor with Turbo Mode | 600ml (White)"|https://m.media-amazon.com/images/I/71aHNrGNFvL._AC_UL320_.jpg|4.1|81
"Salt PureBlend Pro Portable Blender for Smoothies, Protein Shakes, Crushing Ice | 4000 mAh Battery, USB-C Port | 230W Motor with Turbo Mode | 500ml (White)"|https://m.media-amazon.com/images/I/714XQXFdGTL._AC_UL320_.jpg|4.5|45
ONERIOUS Portable Blender, USB Rechargeable Mini Juicer Blender, Electric Juicer Bottle Blender Grinder Mixer, Personal Size Blender for Juices, Shakes and Smoothies,Fruit Juicer Machine (1)|https://m.media-amazon.com/images/I/614x1En3ajL._AC_UY218_.jpg|3.5|29
BlendLife Pro Portable Blender With Sipper for Juices, Shakes, Smoothies, Baby Food, Crushes Hard Ingredients, 210W Motor, 4000mah USB Rechargeable Battery, 400ml, 1-Year Warranty - Green|https://m.media-amazon.com/images/I/81UmhUS2TZL._AC_UL320_.jpg|4.0|1,419
AGARO Grand 1000 Watts Hand Blender With Chopper, Jar & Whisker, 2 Variable Speed Modes & Speed Regulator, Stainless Steel Blades(Black), 400mmx60mm (33635)|https://m.media-amazon.com/images/I/51xXxh3hJML._AC_UL320_.jpg|4.2|1,660
Havells Duro Blend Low Noise 300 Watt Hand Blender With Double Wall Stem, Double Bush, Copper Motor,304 Ss Blade & 2 Years Warranty, 300 Watt|https://m.media-amazon.com/images/I/51WQhDogm7L._AC_UY218_.jpg|3.9|556
"Amazon Basics Portable Blender | 230 Watt Motor, 4000 mAh USB-C Rechargeable Battery | Stainless Steel Blades | Lightweight with 500 ml jar (White)"|https://m.media-amazon.com/images/I/51yYz45UjLL._AC_UY218_.jpg|4.1|707
BLENLABS Portable Blender for Smoothie and Juices, 6-Blade Smoothie Blender, 150 Watt Motor Juicer Blender, 1 Year Warranty, Juicer Machine 4000mAh Rechargeable Battery - 460ML (Black)|https://m.media-amazon.com/images/I/71Z14aznZ7L._AC_UY218_.jpg|3.2|226
amazon basics 300 Watts Hand Blender With Stainless Steel Stem For Hot/Cold Blending And In-Built Cord Hook, Isi-Marked, Black|https://m.media-amazon.com/images/I/517er3i6s6L._AC_UY218_.jpg|3.9|1,550
InstaCuppa Portable Blender for Smoothie and Juices, Milk Shakes, Crushing Ice, USB Rechargeable Blender Machine for Kitchen with 2000 mAh Battery, 150 W Motor, 400 ML, Built-in Jar (Normal Edition)|https://m.media-amazon.com/images/I/614rlU1ESGL._AC_UY218_.jpg|4.1|4,255
Primesky® Milk Frother Hand Blender Coffee Frother Blender USB Rechargeable Electric Foam Maker Electric Coffee Beater for Cappuccino Whisker Electric Blender For Egg Hand Blender|https://m.media-amazon.com/images/I/51ts0OFIyNL._AC_UY218_.jpg|4.3|1,099
AGARO Royal Professional Blender/Grinder/Mixer, 2000W, 5 Preset Function, Commercial heavy duty blender, High Power & Speed Blender, 9 Speed Settings, Pulse & Timer, 2L & 600ml Small Grinding Jar|https://m.media-amazon.com/images/I/71AvMztJkOL._AC_UY218_.jpg|4.1|486
AGARO Nutri-Max Personal Blender 1000 Watts, Mixer/Grinder/Smoothie Maker, Blender for Smoothies and Juices, Stainless Steel Body, 2 Blade Sets, Wet & Dry|https://m.media-amazon.com/images/I/71mmf6zpCqL._AC_UY218_.jpg|4.3|23
Portable 6-Blade Juicer Blender with built-in Jar, Juicer Mixer Bottle,Fruit Juicer Machine,USB Rechargeable Personal Size Juicer Grinder for Juices,Protein&Milk Shakes (Black, 380ml)|https://m.media-amazon.com/images/I/71ILbzE8DuL._AC_UY218_.jpg|4.7|78
"BOSS Sparkle Hand Blender 300 Watts with Stainless Steel Stem for Hot/Cold Blending | Variable Speed with Turbo & 2 Year Warranty | Grey"|https://m.media-amazon.com/images/I/51b-gD7woKL._AC_UY218_.jpg|4.1|47
"Longway Super Dlx 750 Watt Juicer Mixer Grinder with 4 Jars for Grinding, Mixing, Juicing with Powerful Motor | 1 Year Warranty | (White & Blue, 4 Jars)"|https://m.media-amazon.com/images/I/71uH5CfzG7L._AC_UY218_.jpg|3.7|2,000
Morphy Richards Plastic Pronto Ultra 300W Hand Blender for Kitchen with Multifunctional Blade & Detachable Shaft, Blue, 300 Watt|https://m.media-amazon.com/images/I/41RRP3ImjRL._AC_UY218_.jpg|4.1|733
Orpat Stainless Steel Hbb-107E Hand Blender, 250 Watts (Blue)|https://m.media-amazon.com/images/I/61iSeEzoS8L._AC_UY218_.jpg|4.0|817
Bajaj Stainless Steel Hb-20 Silent 300W Hand Blender, Green, 300 Watt|https://m.media-amazon.com/images/I/41qt0OFlRyL._AC_UY218_.jpg|3.9|134
"Longway Super Dlx 700 Watt Mixer Grinder with 3 Jars for Grinding, Mixing with Powerful Motor & Kwid 1100 Watt Dry Iron | 1 Year Warranty | (Black & Gray, Combo Offer)"|https://m.media-amazon.com/images/I/71XJD1owZZL._AC_UY218_.jpg|4.1|2,509
"Glen Active Electric Blender for kitchen, Mixer Grinder Blender, 350 Watt, 20000 RPM, 2 Interchangeable Unbreakable Jars | Stainless steel Blades, 2 Years Warranty - Black (SA4048N)"|https://m.media-amazon.com/images/I/61js9jPC5GL._AC_UY218_.jpg|3.8|512
ROMINO USB Rechargeable Mini Juicer Blender, Portable Juicer Bottle, Electric Fruit Juice Maker Machine, Personal Size Juicer Bottle Blender Grinder Mixer for Juices, Shakes & Smoothie (Multi)|https://m.media-amazon.com/images/I/614npVjPg8L._AC_UY218_.jpg|4.9|166
amazon basics Stainless Steel 300 Watts Hand Blender With Detachable Stem And In-Built Cord Hook, Isi-Marked, Black|https://m.media-amazon.com/images/I/41fe4eDWuYL._AC_UY218_.jpg|3.8|666
(Refurbished) Lifelong Nutri Blender for Smoothies and Juices 500 Watts with 2 Jars - Bullet Mixer Grinder, Blender & Smoothie Maker for Kitchen - Smoothie Blender for Fruits & Vegetables - Stainless Steel Blades|https://m.media-amazon.com/images/I/61ckx36gX6L._AC_UY218_.jpg|1.0|1
Travel Curry - Portable Juicer Blender Smoothie Maker with Shaker Bottle, 6 Blade USB Rechargeable Blender Bottle Machine For Fruit Blender, Crushing Ice, Protein Shaker Bottle, Sports, Travel, Gym|https://m.media-amazon.com/images/I/51Klbg-lzVL._AC_UY218_.jpg|3.5|2
Lifelong Regalia PowerNutri Mixer/Grinder/Blender/Shaker, 2 Stainless Steel Blades,2 Unbreakable Jars, 450 W Powerful Copper Motor (Black, 1 Year warranty, LLNBB001)|https://m.media-amazon.com/images/I/61w9AWrKIoL._AC_UY218_.jpg|3.4|174
"CYBUY Rechargeable Portable 6 Blade Blender For Juices, Shakes, Smoothies, Protien Shakes || Fruit Juicer with Stainless Steel Blades 420ML, built-in Jar (White)"|https://m.media-amazon.com/images/I/61t8P-WX4KL._AC_UY218_.jpg|4.3|84
"GLARTTON Smart Portable Electric| Blender Grinder Mixer | Personal Size, USB Juice Maker Rechargeable Mini Juicer for Smoothies and Shakes Cutting Power for Sports Travel Outdoors 350ml (Multi colour)"|https://m.media-amazon.com/images/I/61dTSCYrnVL._AC_UY218_.jpg|3.0|11
Philips Hand Blender HL1600/02-650 Watt Powerful Motor, Compact Chopper, Detachable Steel Rod, Single Button Release, 2 Year Warranty, White & Brown|https://m.media-amazon.com/images/I/31b4uWWtzIL._AC_UY218_.jpg|4.3|658
Etekcity Portable 6-Blade Electric JuicerPortable Blender, USB Rechargeable Mini Juicer Blender, Electric Blender Mixer, Personal Size, 6 Blade, Ideal for Juices, Shakes and Smoothies|https://m.media-amazon.com/images/I/61IuDxhakPL._AC_UY218_.jpg|1.5|12
"Heart Home Hand Blender | Stainless Steel Automatic Blender | Hand Blender for Kitchen | Butter Milk & Lassi Maker | Mixer Hand Blender | Egg Beater Mixer | Silver"|https://m.media-amazon.com/images/I/41zsNp+tKfL._AC_UY218_.jpg|4.0|34
Nutribullet Plastic Combo Blender, Powerful 1000 Watts Motor, Mixer/Grinder/Smoothie Maker, Blender for Dry Grinding & Wet Blending, 2 Unbreakable Jars, 1.6L Extra Large Pitcher & Tamper, Black|https://m.media-amazon.com/images/I/51V335HxmZL._AC_UY218_.jpg|4.3|376
PIGEON UNO PERSONAL BLENDER - BLUE|https://m.media-amazon.com/images/I/61+uPylGrnL._AC_UY218_.jpg|2.0|22
Boss E112 160W Hand Blender (Blue, Plastic, 160 Watts)|https://m.media-amazon.com/images/I/61U5s8SyyQL._AC_UL320_.jpg|4.1|302
Primesky® Milk Frother Hand Blender Coffee Frother Blender USB Rechargeable Electric Foam Maker Electric Coffee Beater for Cappuccino Whisker Electric Blender For Egg Hand Blender|https://m.media-amazon.com/images/I/51ts0OFIyNL._AC_UL320_.jpg|4.3|1,099
Portable Blender, YKSINX Personal Mini Blender Smoothies and Shakes USB Rechargeable Juicer Cup Travel Handheld Fresh Juice Blender (Black)|https://m.media-amazon.com/images/I/71OcsKwT+bL._AC_UL320_.jpg|4.0|183
HOME SKILL® Milk Frother Hand Blender Electric Foam Maker USB Rechargeable - Whisker Electric Blender for Milk Electric Coffee Beater for Cappuccino Maker Egg Beater Hand Blender|https://m.media-amazon.com/images/I/61o7lhHfz0L._AC_UY218_.jpg|4.2|234
"Lifelong Stainless Steel 300 Watts Hand Blender | Low Noise | Anti-Splash (Llhb04, White)"|https://m.media-amazon.com/images/I/61JdLuwlw9L._AC_UY218_.jpg|3.9|833
SWEEVAN 6 Blade Usb Juicer Bottle-Portable Usb Juicer Electric Usb Juice Maker Mixer Bottle Blender Grinder Mixer,6 Blades Rechargeable Bottle, Shake Fruit & Vegetable, Juice Blender,Grinder|https://m.media-amazon.com/images/I/51GTh82dYJL._AC_UY218_.jpg|3.5|6
Lifelong Nutri Blender for Smoothies and Juices 500 Watts with 2 Jars - 100% Copper Motor Mixer Grinder, Blender & Smoothie Maker for Kitchen - Blender for Fruits & Vegetables - Stainless Steel Blades|https://m.media-amazon.com/images/I/61IfoYh3h9L._AC_UY218_.jpg|3.6|252
BLENLABS Portable Blender for Smoothie and Juices, Milk Shakes and Crushing Ice, 4000mAh Rechargeable Small Juicer for Fruits, 150 Watt Motor, 500 ML personal blender for smoothies (White)|https://m.media-amazon.com/images/I/61rGOg0EbYL._AC_UY218_.jpg|4.6|72
"Wonderchef Nutri-cup Zip Portable Blender | 350ml | Blend & Sip with Flip Top Sipper Lid | For Smoothies, Juices, Shakes, Coffee | 2000 mAh Battery | 20 Blending Cycles in One Charge | Type C Charging"|https://m.media-amazon.com/images/I/51YUAgUt-mL._AC_UY218_.jpg|3.5|3
"Taurus Electric Hand Blender with 450W Powerful DC Motor|2 Speed & Turbo Speed Switch|Super Silent|Ultra Sharp SS Blade&Detachable Stem|Blender for smoothie and juices,Whip,Chop-Amazing 450S"|https://m.media-amazon.com/images/I/51BubkfjpxL._AC_UY218_.jpg|4.3|557
Wonderchef Nutri Blend Snowflakes, 22000 RPM 100% Full Copper Motor, 2 Unbreakable Jars, Stainless Steel Blades, 500W, 2 Years Warranty, Recipe book by Chef Sanjeev Kapoor, Blue|https://m.media-amazon.com/images/I/514LqCj1AeL._AC_UY218_.jpg|3.9|31,336
Bajaj Stainless Steel 410535 Hand Blender 300 Watts, Multicolor|https://m.media-amazon.com/images/I/41K5UKiXJCL._AC_UY218_.jpg|4.0|603
AGARO Elite Rechargeable Mini Electric Chopper, Food Grade Bowl, Stainless Steel Blades, One Touch Operation, for Mincing Garlic, Ginger, Onion, Vegetable, Meat, Nuts, 250 Ml, Black.|https://m.media-amazon.com/images/I/71JxqRoEC9L._AC_UY218_.jpg|4.1|1,315
"ABSYPM Electric Portable Mini Juicer Bottle | Wireless Personal Size Juicer Blender for Smoothies and Shakes with 4 Blades | USB Rechargeable Juicer Cups For Home, Baby Food, Travel, Gym and Office"|https://m.media-amazon.com/images/I/61oKYtXbuvL._AC_UY218_.jpg|3.0|3
Libra Twist N Blend 500 Watts Bullet Mixer Grinder, Mixer Grinder with Pulse Function, Electric Blender for Smoothie and Juices, Juicer Mixer Grinder with 3 Jars, Nutri Blender for Kitchen(Silver)|https://m.media-amazon.com/images/I/71aTkzIucBL._AC_UY218_.jpg|3.0|6
"Pringle 2 Jar Mixer Grinder| 500W Powerful Motor | [ISI] Certified | 304 Grade SS Blade| 2 SS Jars Liquidizing Jar (1 Litres) Chutney Jar (0.4 Litres)3 Speed Options with Whip (1 Year Warranty)"|https://m.media-amazon.com/images/I/617hYwTGJeL._AC_UY218_.jpg|3.7|1,359
Balzano Bullet Mixer Grinder, Blender for Smoothie and Juices, Nutri Blender, 400W Copper Motor, Smoothie Blender, Italian Design, Blender for Kitchen|https://m.media-amazon.com/images/I/71pggrAmaUL._AC_UY218_.jpg|4.2|1,923
Bosch 400 Watts Steel Leg Hand Blender With Beaker And Chopper (Black) Ms1Bg1121I|https://m.media-amazon.com/images/I/61vZwLKzLDL._AC_UY218_.jpg|4.0|26
BLEND ART ABS Plastic Ba0151 Commercial Blender 2200W Motor,2.2L Jar With Sound Shield For Shakes, Smoothies And Ice Crushing Silver Color, 2200 Watt|https://m.media-amazon.com/images/I/71z0rs8HxVL._AC_UY218_.jpg|4.1|37
PHILIPS HL7705/HL7715 Blender Jar Assembly (Assorted Colour)|https://m.media-amazon.com/images/I/51v7sFe2EaL._AC_UY218_.jpg|4.2|238
"Longway Blendy Hand Blender with Stainless Steel Blades | Detachable Anti Splash Plastic Foot | Perfect for Smooth Blends (300 W, Purple)"|https://m.media-amazon.com/images/I/61aG98ynvPL._AC_UY218_.jpg|4.1|11
"Longway Super Dlx 4 Jar 750 Watt Mixer Grinder - Black & Grey | ABS body | Heavy Duty Motor | Nano-grinding technology | 304 Grade Stainless Steel Blade | Noise levels 80-90 DB |1 Years warranty"|https://m.media-amazon.com/images/I/71vfrhmJ1SL._AC_UY218_.jpg|3.9|379
BLEND ART Abs Plastic Heavy Duty Blender Mixer Grinder Jucier Food Processor For Home & Commercial Use For Shakes, Smoothies And Ice Crushing (Model Ba 3150) (Capacity 1.5L) White,1500 Watts|https://m.media-amazon.com/images/I/71rxqmAskkL._AC_UY218_.jpg|4.1|57
"Suzec Beater, Power Free Hand Blender with Stainless Steel Blades | Milk Lassi Maker/Egg Beater/Mixer Rawai/Coffee frother/lassi Making Machine | Multicolor"|https://m.media-amazon.com/images/I/41oSgl-k+sL._AC_UY218_.jpg|3.0|29
"Longway Sage 500 Watt Juicer Mixer Grinder with 2 Jars for Grinding, Mixing, Juicing with Powerful Motor | 1 Year Warranty | (Black & Gray, 2 Jars)"|https://m.media-amazon.com/images/I/61nE-8sk+vL._AC_UY218_.jpg|3.6|108
Libra Portable Blender for Smoothies & Juices – USB Rechargeable Blender Juicer with 6 Blades, 450ml Capacity, 4000mAh Battery, 200W Motor, Waterproof Portable Juicer for Travel, Gym & Office (Black)|https://m.media-amazon.com/images/I/715MbAMc7XL._AC_UY218_.jpg|4.4|9
BOSS B117 Quickmix Hand Blender With Beater & Chopper Attachment, 450W, 1 Measuring Jar (Black), 450 Watt|https://m.media-amazon.com/images/I/61ujRCVp2yL._AC_UY218_.jpg|3.5|72
"Urban Edge 420 ml USB Rechargeable Multicolour Portable Blender | Mini Juicer for Smoothies, Milkshakes & Fruit Juices | Lightweight, Leak-Proof, and Easy to Clean | White Colour"|https://m.media-amazon.com/images/I/51tYKpFjiBL._AC_UY218_.jpg|4.4|6
AGARO Royal Stand Mixer 1000W with 5L SS Bowl and 8 Speed Setting Includes Whisking Cone, Mixing Beater & Dough Hook, and Splash Guard, 2 Years Warranty by Brand|https://m.media-amazon.com/images/I/61A-nKQFtDL._AC_UY218_.jpg|4.2|2,695
"Crompton Blendserve Hand Blender with Steel Stem | 300 Watts Power | Detachable stem | Silent Operation"|https://m.media-amazon.com/images/I/41yIz+AZdHL._AC_UY218_.jpg|3.6|64
Bosch Hand Blender|https://m.media-amazon.com/images/I/31aNKLwuKAL._AC_UY218_.jpg|3.7|17
Bosch TrueMixx Pro Mixer Grinder, 1000W 4 Jars Black MGM8842MIN|https://m.media-amazon.com/images/I/81Cir3akReL._AC_UY218_.jpg|4.3|16,444
"Longway Sage 500 Watt Juicer Mixer Grinder with 2 Jars for Grinding, Mixing, Juicing with Powerful Motor | 1 Year Warranty | (Black & Gray, 2 Jars)"|https://m.media-amazon.com/images/I/71O64OqjNFL._AC_UY218_.jpg|3.6|203
Bajaj Stainless Steel Hb-22 Silent 300W Hand Blender, Light Blue, 1 Jar, 300 Watt|https://m.media-amazon.com/images/I/518TK10cBYL._AC_UY218_.jpg|3.8|123
"Pringle Crown Dlx 750 Watt Juicer Mixer Grinder with 4 Jars for Grinding, Mixing, Juicing with Powerful Motor | 1 Year Warranty | (Blue & Gray, 4 Jars)"|https://m.media-amazon.com/images/I/61myQni1GML._AC_UY218_.jpg|3.6|108
BlendLife Pro Portable Blender With Sipper for Juices, Shakes, Smoothies, Baby Food, Crushes Hard Ingredients, 210W Motor, 4000mah USB Rechargeable Battery, 400ml, 1-Year Warranty - Mint|https://m.media-amazon.com/images/I/81KGxxAbh8L._AC_UL320_.jpg|4.0|1,419
"Salt PureBlend Sport Portable Blender for Smoothies, Protein Shakes, Crushing Ice | Sipper Lid | 4000 mAh Battery, USB-C Port | 230W Motor | 400 ML (White)"|https://m.media-amazon.com/images/I/716GNw9i+6L._AC_UL320_.jpg|4.0|101
"Salt PureBlend Classic Portable Blender for Smoothies, Protein Shakes, Crushing Ice | 2000 mAh Battery, USB-C Port | 150W Motor | 400ml (White)"|https://m.media-amazon.com/images/I/61fiQi1XSDL._AC_UL320_.jpg|4.0|213
SCHNAPPI Electric Handheld Milk Wand Mixer Frother for Latte Coffee Hot Milk, Milk Frother for Coffee, Egg Beater, Hand Blender, Coffee Beater (COFFEE BEATER)|https://m.media-amazon.com/images/I/41lCJIhD4+L._AC_UY218_.jpg|2.6|40
BOSS Genius Portable Hand Blender, 180W, Grey|https://m.media-amazon.com/images/I/711P8hIJTjL._AC_UY218_.jpg|4.0|302
NOTEL Electric Battery Operated Stainless Steel Mini Classic Sleek Design Hand Blender Mixer, Egg Beater, Coffee, Juice, Cappuccino, Lassi Blender|https://m.media-amazon.com/images/I/41Pok4l6weL._AC_UY218_.jpg|2.9|90
Orpat HHB-157E-EC 250-Watt Hand Blender with Chopper (White)|https://m.media-amazon.com/images/I/81VL5JQE+NL._AC_UY218_.jpg|4.0|870
"Wonderchef Nutri-blend Storm 1200W | 100% Copper Motor | Sharp 6-wing Stainless Steel Blade | Masalas, Chutney, Nuts, Crush Ice | 2 Jars | 22000 RPM | Sipper Attachment | 2 Year Warranty"|https://m.media-amazon.com/images/I/51gkMtXF1UL._AC_UY218_.jpg|4.1|604
"Wonderchef Ultima Plus Electric Hand Blender |Portable | Easy Control Grip I 300W Powerful Motor|Single Push Button Operation| Sharp Food Grade Anti Rust Stainless Steel Blades|2 Year Warranty | Black"|https://m.media-amazon.com/images/I/41V2crcUFeL._AC_UY218_.jpg|2.8|12
BlendLife Ultra Waterproof Portable Blender For Juices, Shakes, Smoothies. Pulse Mode Feature, LED Lights, 230W, 4000mah Battery. Sipper & Carry Handle, Convertible Jar 600ml - White (1-Year Warranty)|https://m.media-amazon.com/images/I/91dopdPb2uL._AC_UY218_.jpg|4.1|1,245
"Wonderchef Nutri Blend Smart CKM Automatic Mixer Grinder with Dual Pulse Function|22000 RPM|100% Full Copper Motor|4 Unbreakable Jars|500 W|2 Years Warranty|Recipe book by Chef Sanjeev Kapoor| Black"|https://m.media-amazon.com/images/I/712H8C18ZlL._AC_UY218_.jpg|3.8|171
BlendLife Pro Portable Blender With Sipper for Juices, Shakes, Smoothies, Baby Food, Crushes Hard Ingredients, 210W Motor, 4000mah USB Rechargeable Battery, 400ml, 1-Year Warranty - Navy Blue|https://m.media-amazon.com/images/I/81l+FOT-XOL._AC_UL320_.jpg|4.0|1,419
BlendLife Plus Portable Blender for Juices, Shakes, Smoothies, Baby Food, Crushes Hard Ingredients, 230W Motor, 4000mah Rechargeable Battery, Stainless Steel Blades, 500ml, 1-Year Warranty - Pink|https://m.media-amazon.com/images/I/31HxnBhEdVL._AC_UL320_.jpg|4.0|675
"BOSS Platinum Portable Hand Blender 225W - Watt | Variable Speed Control | 3 Years Warranty | Easy to Clean and Store | ISI-Marked, Grey"|https://m.media-amazon.com/images/I/61j1NyMMwjL._AC_UL320_.jpg|4.1|791
"easy Power Nutri-Blender-Mixer-Grinder Combo with 3 Unbreakable Jars, Strong Stainless Steel Blades, and 2-Year Warranty | Perfect Juicer Blender Solution For Your Kitchen (Black)"|https://m.media-amazon.com/images/I/71QxTEWWaSL._AC_UY218_.jpg|2.9|5
